uid,domainID,siteID,namedLocation,collectDate,identifiedDate,sampleID,sampleCode,slideID,acceptedTaxonID,targetTaxaPresent,scientificName,morphospeciesID,taxonRank,phylum,subphylum,class,subclass,infraclass,superorder,order,suborder,infraorder,superfamily,family,subfamily,tribe,subtribe,genus,specificEpithet,infraspecificEpithet,invertebrateLifeStage,sizeClass,sizeCategory,individualCount,subsamplePercent,estimatedTotalCount,immatureSpecimen,indeterminateSpecies,sampleCondition,distinctTaxon,identificationQualifier,identificationReferences,qcChecked,laboratoryName,identifiedBy,identificationRemarks,dataQF
"8b2b035c-0df1-4279-8087-63a6c8043765","D08","MAYF","MAYF.AOS.reach","2017-03-14T14:11Z","2017-06-09","MAYF.20170314.SNAG.4",,,"POLILL","Y","Polypedilum illinoense gr.",,"speciesGroup","Arthropoda","Hexapoda","Insecta","Pterygota","Neoptera","Holometabola","Diptera","Nematocera","Culicomorpha",,"Chironomidae","Chironominae","Chironomini",,"Polypedilum","illinoense gr.",,"larva",1,,1,100,1,"N","N","condition OK","Y",,"Epler 2001; Maschwitz and Cook 2000","N","EcoAnalysts Inc.","G. Wallace",,
"89c1a437-ba49-42a0-9583-b5ef91860d56","D08","MAYF","MAYF.AOS.reach","2017-03-14T14:11Z","2017-11-19","MAYF.20170314.SNAG.1",,,"CERSP10","Y","Ceratopogoninae sp.",,"subfamily","Arthropoda","Hexapoda","Insecta","Pterygota","Neoptera","Holometabola","Diptera","Nematocera","Culicomorpha",,"Ceratopogonidae","Ceratopogoninae",,,,"sp.",,"larva",3,,1,100,1,"Y","N","condition OK","Y",,"Merritt and Cummins 2008","N","EcoAnalysts Inc.","C. Fishel",,
"fdc2d2c5-bfdd-468a-b644-867ed9554484","D08","MAYF","MAYF.AOS.reach","2017-03-14T14:11Z","2017-06-09","MAYF.20170314.SNAG.4",,,"TANSP8","Y","Tanytarsini sp.",,"tribe","Arthropoda","Hexapoda","Insecta","Pterygota","Neoptera","Holometabola","Diptera","Nematocera","Culicomorpha",,"Chironomidae","Chironominae","Tanytarsini",,,"sp.",,"larva",1,,1,100,1,"N","N","condition OK","N",,"Epler 2001","N","EcoAnalysts Inc.","G. Wallace",,
"8bd8967c-424c-416d-9135-21ec72035ab2","D08","MAYF","MAYF.AOS.reach","2017-03-14T14:11Z","2017-11-01","MAYF.20170314.CORE.2",,,"NAISP","Y","Naididae sp.","tubificoid Naididae w/o cap setae","family","Annelida","Clitellata","Oligochaeta","Oligochaeta",,,"Tubificida",,,,"Naididae",,,,,"sp.",,"larva",1,,1,100,1,"N","N","condition OK","Y",,"Kathman and Brinkhurst 1998","N","EcoAnalysts Inc.","C. Fishel",,
"7d2c7eee-b525-4bae-86a5-bd2d0b275192","D08","MAYF","MAYF.AOS.reach","2017-03-14T14:11Z","2017-11-01","MAYF.20170314.SNAG.3",,,"NAISP","Y","Naididae sp.","tubificoid Naididae w/ cap setae","family","Annelida","Clitellata","Oligochaeta","Oligochaeta",,,"Tubificida",,,,"Naididae",,,,,"sp.",,"larva",2,,1,100,1,"N","N","condition OK","Y",,"Kathman and Brinkhurst 1999","N","EcoAnalysts Inc.","C. Fishel",,
"8c6fc020-e55b-4290-941b-51dc5a120dbe","D08","MAYF","MAYF.AOS.reach","2017-03-14T14:11Z","2017-06-09","MAYF.20170314.SNAG.5",,,"STESP10","Y","Stempellinella sp.",,"genus","Arthropoda","Hexapoda","Insecta","Pterygota","Neoptera","Holometabola","Diptera","Nematocera","Culicomorpha",,"Chironomidae","Chironominae","Tanytarsini",,"Stempellinella","sp.",,"larva",1,,1,100,1,"N","N","condition OK","Y",,"Epler 2001","N","EcoAnalysts Inc.","G. Wallace",,
"fc13f734-f262-4317-9b8a-2a804a8192ff","D08","MAYF","MAYF.AOS.reach","2017-03-14T14:11Z","2017-11-17","MAYF.20170314.SNAG.2",,,"ARGSP5","Y","Argia sp.",,"genus","Arthropoda","Hexapoda","Insecta","Pterygota","Palaeoptera",,"Odonata","Zygoptera",,,"Coenagrionidae",,,,"Argia","sp.",,"larva",3,,1,100,1,"N","N","condition OK","Y",,"Needham Westfall and May 2000","N","EcoAnalysts Inc.","C. Fishel",,
"d780635d-6c93-4def-a8a7-0cf6976ee5f0","D08","MAYF","MAYF.AOS.reach","2017-03-14T14:11Z","2017-06-13","MAYF.20170314.SNAG.5",,,"XYLPAR","Y","Xylotopus par",,"species","Arthropoda","Hexapoda","Insecta","Pterygota","Neoptera","Holometabola","Diptera","Nematocera","Culicomorpha",,"Chironomidae","Orthocladiinae",,,"Xylotopus","par",,"larva",1,,1,100,1,"N","N","condition OK","Y",,"Epler 2001","N","EcoAnalysts Inc.","G. Wallace",,
"559082f3-5a9f-41e1-b50f-da4e11dba685","D08","MAYF","MAYF.AOS.reach","2017-03-14T14:11Z","2017-11-19","MAYF.20170314.SNAG.1",,,"NEUSP4","Y","Neumania sp.",,"genus","Arthropoda","Chelicerata","Arachnida","Acari",,"Acariformes","Trombidiformes","Prostigmata",,"Hygrobatoidea","Unionicolidae",,,,"Neumania","sp.",,"larva",1,,1,100,1,"N","N","condition OK","Y",,"Thorp and Covich 2001","N","EcoAnalysts Inc.","C. Fishel",,
"4d3076ba-d6ae-41f3-aedd-39e994265a90","D08","MAYF","MAYF.AOS.reach","2017-03-14T14:11Z","2017-06-09","MAYF.20170314.SNAG.4",,,"POLSCA","Y","Polypedilum scalaenum gr.",,"speciesGroup","Arthropoda","Hexapoda","Insecta","Pterygota","Neoptera","Holometabola","Diptera","Nematocera","Culicomorpha",,"Chironomidae","Chironominae","Chironomini",,"Polypedilum","scalaenum gr.",,"larva",1,,2,100,2,"N","N","condition OK","Y",,"Epler 2001; Maschwitz and Cook 2000","N","EcoAnalysts Inc.","G. Wallace",,
"93b8c91d-9679-490f-b253-9fbdbb1813fb","D08","MAYF","MAYF.AOS.reach","2017-03-14T14:11Z","2017-06-09","MAYF.20170314.SNAG.4",,,"HYDSP52","Y","Hydrosmittia sp.",,"genus","Arthropoda",,"Insecta","Pterygota","Neoptera",,"Diptera","Nematocera","Culicomorpha","Chironomoidea","Chironomidae","Orthocladiinae",,,"Hydrosmittia","sp.",,"larva",1,,1,100,1,"N","N","condition OK","Y",,"Anderson et al. 2013","N","EcoAnalysts Inc.","G. Wallace",,
"47e964b5-d41a-4de9-9f18-c749051b01a5","D08","MAYF","MAYF.AOS.reach","2017-03-14T14:11Z","2017-06-09","MAYF.20170314.CORE.2",,,"PARSP31","Y","Paracladopelma sp.",,"genus","Arthropoda","Hexapoda","Insecta","Pterygota","Neoptera","Holometabola","Diptera","Nematocera","Culicomorpha",,"Chironomidae","Chironominae","Chironomini",,"Paracladopelma","sp.",,"larva",2,,1,100,1,"N","N","condition OK","Y",,"Epler 2001; Maschwitz and Cook 2000","N","EcoAnalysts Inc.","G. Wallace",,
"9d8d80b8-39c0-416a-a922-a6ec967770a0","D08","MAYF","MAYF.AOS.reach","2017-03-14T14:11Z","2017-11-01","MAYF.20170314.SNAG.4",,,"PRISP1","Y","Pristina sp.",,"genus","Annelida","Clitellata","Oligochaeta","Oligochaeta",,,"Tubificida",,,,"Naididae","Pristininae",,,"Pristina","sp.",,"larva",1,,1,100,1,"N","Y","condition OK","Y",,"Kathman and Brinkhurst 1998","N","EcoAnalysts Inc.","C. Fishel",,
"9caa7d1d-1fb6-4f48-9ca0-aa95c53a5282","D08","MAYF","MAYF.AOS.reach","2017-03-14T14:11Z","2017-11-17","MAYF.20170314.SNAG.2",,,"LEUSP2","Y","Leuctridae sp.",,"family","Arthropoda","Hexapoda","Insecta","Pterygota","Neoptera","Polyneoptera","Plecoptera","Euholognatha",,,"Leuctridae",,,,,"sp.",,"larva",2,,3,100,3,"Y","N","condition OK","Y",,"Stewart and Stark 2003","N","EcoAnalysts Inc.","C. Fishel",,
"476ec451-4114-4459-835d-f32ed1e86fa8","D08","MAYF","MAYF.AOS.reach","2017-03-14T14:11Z","2017-11-01","MAYF.20170314.SNAG.3",,,"ENCSP1","Y","Enchytraeidae sp.",,"family","Annelida","Clitellata","Oligochaeta","Oligochaeta",,,"Enchytraeida",,,,"Enchytraeidae",,,,,"sp.",,"larva",3,,3,100,3,"N","N","condition OK","Y",,"Kathman and Brinkhurst 1999","N","EcoAnalysts Inc.","C. Fishel",,
"263cd112-3909-454f-854a-36624ceb933e","D08","MAYF","MAYF.AOS.reach","2017-03-14T14:11Z","2017-11-20","MAYF.20170314.SNAG.5",,,"LEUSP2","Y","Leuctridae sp.",,"family","Arthropoda","Hexapoda","Insecta","Pterygota","Neoptera","Polyneoptera","Plecoptera","Euholognatha",,,"Leuctridae",,,,,"sp.",,"larva",1,,2,100,2,"Y","N","condition OK","Y",,"Stewart and Stark 2003","N","EcoAnalysts Inc.","C. Fishel",,
"a63e3754-7c57-444f-bf28-6ced3ee7a8cf","D08","MAYF","MAYF.AOS.reach","2017-03-14T14:11Z","2017-06-09","MAYF.20170314.SNAG.4",,,"RHESP1","Y","Rheocricotopus sp.",,"genus","Arthropoda","Hexapoda","Insecta","Pterygota","Neoptera","Holometabola","Diptera","Nematocera","Culicomorpha",,"Chironomidae","Orthocladiinae",,,"Rheocricotopus","sp.",,"larva",1,,1,100,1,"N","N","condition OK","Y",,"Epler 2001","N","EcoAnalysts Inc.","G. Wallace",,
"4e15c7e5-67e3-4033-b084-18a1fad1e53c","D08","MAYF","MAYF.AOS.reach","2017-03-14T14:11Z","2017-11-19","MAYF.20170314.SNAG.1",,,"ERISP11","Y","Eriopterini sp.",,"tribe","Arthropoda","Hexapoda","Insecta","Pterygota","Neoptera","Holometabola","Diptera","Nematocera","Tipulomorpha",,"Tipulidae","Limoniinae","Eriopterini sp.",,,"sp.",,"larva",3,,1,100,1,"Y","N","condition OK","Y",,"Merritt and Cummins 2008","N","EcoAnalysts Inc.","C. Fishel",,
"1c1bd4e0-c293-40e2-8fb6-213b31964707","D08","MAYF","MAYF.AOS.reach","2017-03-14T14:11Z","2017-06-09","MAYF.20170314.SNAG.4",,,"THIGRO","Y","Thienemannimyia gr.",,"speciesGroup","Arthropoda","Hexapoda","Insecta","Pterygota","Neoptera","Holometabola","Diptera","Nematocera","Culicomorpha",,"Chironomidae","Tanypodinae","Pentaneurini",,"Thienemannimyia","gr.",,"larva",2,,5,100,5,"N","N","condition OK","Y",,"Epler 2001","N","EcoAnalysts Inc.","G. Wallace",,
"ebc07152-99c1-49de-99d3-c5572c7fe478","D08","MAYF","MAYF.AOS.reach","2017-03-14T14:11Z","2017-11-19","MAYF.20170314.SNAG.4",,,"STESP6","Y","Stenelmis sp.",,"genus","Arthropoda","Hexapoda","Insecta","Pterygota","Neoptera","Holometabola","Coleoptera","Polyphaga","Elateriformia","Byrrhoidea","Elmidae","Elminae","Elmini",,"Stenelmis","sp.",,"larva",2,,1,100,1,"N","N","condition OK","Y",,"Merritt and Cummins 2008","N","EcoAnalysts Inc.","C. Fishel",,
"f75975a1-841d-44e4-9498-efe10e288ca3","D08","MAYF","MAYF.AOS.reach","2017-03-14T14:11Z","2017-06-09","MAYF.20170314.SNAG.4",,,"STESP10","Y","Stempellinella sp.",,"genus","Arthropoda","Hexapoda","Insecta","Pterygota","Neoptera","Holometabola","Diptera","Nematocera","Culicomorpha",,"Chironomidae","Chironominae","Tanytarsini",,"Stempellinella","sp.",,"larva",1,,2,100,2,"N","N","condition OK","Y",,"Epler 2001","N","EcoAnalysts Inc.","G. Wallace",,
"be84925e-a01c-4b62-ad48-d6b37012df3e","D08","MAYF","MAYF.AOS.reach","2017-03-14T14:11Z","2017-11-19","MAYF.20170314.SNAG.4",,,"BEZSP1","Y","Bezzia/Palpomyia sp.",,"speciesGroup","Arthropoda","Hexapoda","Insecta","Pterygota","Neoptera","Holometabola","Diptera","Nematocera","Culicomorpha",,"Ceratopogonidae","Ceratopogoninae","Palpomyiini",,"Bezzia/Palpomyia","sp.",,"larva",3,,2,100,2,"N","N","condition OK","Y",,"Merritt and Cummins 2008","N","EcoAnalysts Inc.","C. Fishel",,
"c5ffa22b-bd4a-4476-ac8a-5f310f1d85d3","D08","MAYF","MAYF.AOS.reach","2017-03-14T14:11Z","2017-11-01","MAYF.20170314.SNAG.2",,,"ENCSP1","Y","Enchytraeidae sp.",,"family","Annelida","Clitellata","Oligochaeta","Oligochaeta",,,"Enchytraeida",,,,"Enchytraeidae",,,,,"sp.",,"larva",3,,15,100,15,"N","N","condition OK","Y",,"Kathman and Brinkhurst 1999","N","EcoAnalysts Inc.","C. Fishel",,
"bb93f68b-cc4f-4281-9d89-92cca9810ed1","D08","MAYF","MAYF.AOS.reach","2017-03-14T14:11Z","2017-11-20","MAYF.20170314.SNAG.5",,,"BEZSP1","Y","Bezzia/Palpomyia sp.",,"speciesGroup","Arthropoda","Hexapoda","Insecta","Pterygota","Neoptera","Holometabola","Diptera","Nematocera","Culicomorpha",,"Ceratopogonidae","Ceratopogoninae","Palpomyiini",,"Bezzia/Palpomyia","sp.",,"larva",4,,1,100,1,"N","N","condition OK","Y",,"Merritt and Cummins 2008","N","EcoAnalysts Inc.","C. Fishel",,
"2975b000-e84b-49f0-ae52-6ce8027091ab","D08","MAYF","MAYF.AOS.reach","2017-03-14T14:11Z","2017-06-09","MAYF.20170314.SNAG.5",,,"RHESP1","Y","Rheocricotopus sp.",,"genus","Arthropoda","Hexapoda","Insecta","Pterygota","Neoptera","Holometabola","Diptera","Nematocera","Culicomorpha",,"Chironomidae","Orthocladiinae",,,"Rheocricotopus","sp.",,"larva",2,,1,100,1,"N","N","condition OK","Y",,"Epler 2001","N","EcoAnalysts Inc.","G. Wallace",,
"637e9aea-ae4c-4695-91b0-4512deeaaef8","D08","MAYF","MAYF.AOS.reach","2017-03-14T14:11Z","2017-06-09","MAYF.20170314.SNAG.1",,,"THISP2","Y","Thienemanniella sp.",,"genus","Arthropoda","Hexapoda","Insecta","Pterygota","Neoptera","Holometabola","Diptera","Nematocera","Culicomorpha",,"Chironomidae","Orthocladiinae",,,"Thienemanniella","sp.",,"larva",1,,1,100,1,"N","N","condition OK","Y",,"Epler 2001","N","EcoAnalysts Inc.","G. Wallace",,
"4ab88bdd-16f2-44d4-ad1c-cb80696e6441","D08","MAYF","MAYF.AOS.reach","2017-03-14T14:11Z","2017-10-26","MAYF.20170314.SNAG.3",,,"LUMSP2","Y","Lumbriculidae sp.",,"family","Annelida","Clitellata","Oligochaeta","Oligochaeta",,,"Lumbriculida",,,,"Lumbriculidae",,,,,"sp.",,"larva",5,,1,100,1,"N","N","condition OK","Y",,"Kathman and Brinkhurst 1999","N","EcoAnalysts Inc.","C. Fishel",,
"693fd510-b56e-4200-929d-a10caf36275b","D08","MAYF","MAYF.AOS.reach","2017-03-14T14:11Z","2017-06-09","MAYF.20170314.SNAG.1",,,"PARSP27","Y","Paraphaenocladius sp.",,"genus","Arthropoda","Hexapoda","Insecta","Pterygota","Neoptera","Holometabola","Diptera","Nematocera","Culicomorpha",,"Chironomidae","Orthocladiinae",,,"Paraphaenocladius","sp.",,"larva",2,,1,100,1,"N","N","condition OK","Y",,"Epler 2001; Maschwitz and Cook 2000","N","EcoAnalysts Inc.","G. Wallace",,
"9e5df4a9-ed13-4283-b3f3-6aaa2c12923d","D08","MAYF","MAYF.AOS.reach","2017-03-14T14:11Z","2017-11-19","MAYF.20170314.SNAG.1",,,"PLESP","Y","Plecoptera sp.",,"order","Arthropoda","Hexapoda","Insecta","Pterygota","Neoptera","Polyneoptera","Plecoptera",,,,,,,,,"sp.",,"larva",1,,1,100,1,"Y","N","condition OK","Y",,"Merritt and Cummins 2008","N","EcoAnalysts Inc.","C. Fishel",,
"9f7e5df8-fe26-48a0-b4e7-76338cbe062b","D08","MAYF","MAYF.AOS.reach","2017-03-14T14:11Z","2017-10-26","MAYF.20170314.SNAG.3",,,"LUMSP2","Y","Lumbriculidae sp.",,"family","Annelida","Clitellata","Oligochaeta","Oligochaeta",,,"Lumbriculida",,,,"Lumbriculidae",,,,,"sp.",,"larva",3,,1,100,1,"N","N","condition OK","Y",,"Kathman and Brinkhurst 1999","N","EcoAnalysts Inc.","C. Fishel",,
"93458453-dc80-4032-b261-543c91065911","D08","MAYF","MAYF.AOS.reach","2017-03-14T14:11Z","2017-06-09","MAYF.20170314.CORE.2",,,"POLHAL","Y","Polypedilum halterale gr.",,"speciesGroup","Arthropoda","Hexapoda","Insecta","Pterygota","Neoptera","Holometabola","Diptera","Nematocera","Culicomorpha",,"Chironomidae","Chironominae","Chironomini",,"Polypedilum","halterale gr.",,"larva",4,,1,100,1,"N","N","condition OK","Y",,"Epler 2001; Maschwitz and Cook 2000","N","EcoAnalysts Inc.","G. Wallace",,
"04e30c91-fc5f-49ad-93e5-3041c54e9a66","D08","MAYF","MAYF.AOS.reach","2017-03-14T14:11Z","2017-11-20","MAYF.20170314.SNAG.5",,,"MACMOD","Y","Maccaffertium modestum",,"species","Arthropoda","Hexapoda","Insecta","Pterygota","Palaeoptera",,"Ephemeroptera","Pisciforma",,"Heptagenioidea","Heptageniidae",,,,"Maccaffertium","modestum",,"larva",8,,1,100,1,"N","N","condition OK","Y",,"Bednarik and McCafferty 1979","N","EcoAnalysts Inc.","C. Fishel",,
"371b0963-6a47-4b96-a009-d505dd8a4449","D08","MAYF","MAYF.AOS.reach","2017-03-14T14:11Z","2017-06-09","MAYF.20170314.SNAG.4",,,"THISP2","Y","Thienemanniella sp.",,"genus","Arthropoda","Hexapoda","Insecta","Pterygota","Neoptera","Holometabola","Diptera","Nematocera","Culicomorpha",,"Chironomidae","Orthocladiinae",,,"Thienemanniella","sp.",,"larva",1,,3,100,3,"N","N","condition OK","Y",,"Epler 2001","N","EcoAnalysts Inc.","G. Wallace",,
"846e28a5-d9cc-4f20-af1e-e3b12a165291","D08","MAYF","MAYF.AOS.reach","2017-03-14T14:11Z","2017-11-20","MAYF.20170314.SNAG.5",,,"BRASP3","Y","Brachycera sp.",,"suborder","Arthropoda","Hexapoda","Insecta","Pterygota","Neoptera","Holometabola","Diptera","Brachycera",,,,,,,,"sp.",,"larva",2,,1,100,1,"N","Y","condition OK","Y",,"Merritt and Cummins 2008","N","EcoAnalysts Inc.","C. Fishel",,
"5398a7eb-34cc-4fc3-b574-824710f0c411","D08","MAYF","MAYF.AOS.reach","2017-03-14T14:11Z","2017-06-09","MAYF.20170314.SNAG.4",,,"PARSP25","Y","Parakiefferiella sp.",,"genus","Arthropoda","Hexapoda","Insecta","Pterygota","Neoptera","Holometabola","Diptera","Nematocera","Culicomorpha",,"Chironomidae","Orthocladiinae",,,"Parakiefferiella","sp.",,"larva",1,,1,100,1,"N","N","condition OK","Y",,"Epler 2001","N","EcoAnalysts Inc.","G. Wallace",,
"82e1fca0-de08-4d04-97a7-a7571f279cf5","D08","MAYF","MAYF.AOS.reach","2017-03-14T14:11Z","2017-11-19","MAYF.20170314.SNAG.4",,,"LYPDIV","Y","Lype diversa",,"species","Arthropoda","Hexapoda","Insecta","Pterygota","Neoptera","Holometabola","Trichoptera",,,"Hydropsychoidea","Psychomyiidae","Psychomyiinae",,,"Lype","diversa",,"larva",1,,1,100,1,"N","N","condition OK","Y",,"Wiggins 1996","N","EcoAnalysts Inc.","C. Fishel",,
"8a5d5f69-a3b0-4aea-b1cb-f11bf6afb828","D08","MAYF","MAYF.AOS.reach","2017-03-14T14:11Z","2017-06-09","MAYF.20170314.SNAG.5",,,"PENSP7","Y","Pentaneura sp.",,"genus","Arthropoda","Hexapoda","Insecta","Pterygota","Neoptera","Holometabola","Diptera","Nematocera","Culicomorpha",,"Chironomidae","Tanypodinae","Pentaneurini",,"Pentaneura","sp.",,"larva",2,,1,100,1,"N","N","condition OK","Y",,"Epler 2001; Maschwitz and Cook 2000","N","EcoAnalysts Inc.","G. Wallace",,
"1d4fb1ff-d571-4346-b3c2-9fc1a3bd53b7","D08","MAYF","MAYF.AOS.reach","2017-03-14T14:11Z","2017-06-09","MAYF.20170314.SNAG.5",,,"RHESP1","Y","Rheocricotopus sp.",,"genus","Arthropoda","Hexapoda","Insecta","Pterygota","Neoptera","Holometabola","Diptera","Nematocera","Culicomorpha",,"Chironomidae","Orthocladiinae",,,"Rheocricotopus","sp.",,"larva",3,,1,100,1,"N","N","condition OK","Y",,"Epler 2001","N","EcoAnalysts Inc.","G. Wallace",,
"0c6e46aa-04f3-487c-9a3d-9ed69b19acab","D08","MAYF","MAYF.AOS.reach","2017-03-14T14:11Z","2017-11-01","MAYF.20170314.SNAG.2",,,"ENCSP1","Y","Enchytraeidae sp.",,"family","Annelida","Clitellata","Oligochaeta","Oligochaeta",,,"Enchytraeida",,,,"Enchytraeidae",,,,,"sp.",,"larva",11,,2,100,2,"N","N","condition OK","Y",,"Kathman and Brinkhurst 1999","N","EcoAnalysts Inc.","C. Fishel",,
"698a7a8f-07c1-4ac8-bf9d-8879847fe519","D08","MAYF","MAYF.AOS.reach","2017-03-14T14:11Z","2017-06-09","MAYF.20170314.SNAG.5",,,"TANSP11","Y","Tanytarsus sp.",,"genus","Arthropoda","Hexapoda","Insecta","Pterygota","Neoptera","Holometabola","Diptera","Nematocera","Culicomorpha",,"Chironomidae","Chironominae","Tanytarsini",,"Tanytarsus","sp.",,"larva",3,,6,100,6,"N","N","condition OK","Y",,"Epler 2001","N","EcoAnalysts Inc.","G. Wallace",,
"be4337cd-3477-475c-a6e0-41aa2bdd2c60","D08","MAYF","MAYF.AOS.reach","2017-03-14T14:11Z","2017-06-09","MAYF.20170314.SNAG.3",,,"PARSP26","Y","Parametriocnemus sp.",,"genus","Arthropoda","Hexapoda","Insecta","Pterygota","Neoptera","Holometabola","Diptera","Nematocera","Culicomorpha",,"Chironomidae","Orthocladiinae",,,"Parametriocnemus","sp.",,"larva",3,,1,100,1,"N","N","condition OK","Y",,"Epler 2001","N","EcoAnalysts Inc.","G. Wallace",,
"a76ef682-20fc-4772-adc4-b47e5a3f32ce","D08","MAYF","MAYF.AOS.reach","2017-03-14T14:11Z","2017-11-19","MAYF.20170314.SNAG.1",,,"STESP6","Y","Stenelmis sp.",,"genus","Arthropoda","Hexapoda","Insecta","Pterygota","Neoptera","Holometabola","Coleoptera","Polyphaga","Elateriformia","Byrrhoidea","Elmidae","Elminae","Elmini",,"Stenelmis","sp.",,"larva",6,,1,100,1,"N","N","condition OK","Y",,"Merritt and Cummins 2008","N","EcoAnalysts Inc.","C. Fishel",,
"b1407af0-bde0-4b7f-b2ab-efd0900d6bce","D08","MAYF","MAYF.AOS.reach","2017-03-14T14:11Z","2017-06-09","MAYF.20170314.SNAG.1",,,"THISP2","Y","Thienemanniella sp.",,"genus","Arthropoda","Hexapoda","Insecta","Pterygota","Neoptera","Holometabola","Diptera","Nematocera","Culicomorpha",,"Chironomidae","Orthocladiinae",,,"Thienemanniella","sp.",,"larva",2,,1,100,1,"N","N","condition OK","Y",,"Epler 2001","N","EcoAnalysts Inc.","G. Wallace",,
"a5da8644-9f29-4b98-b1c9-76ecb7dab75f","D08","MAYF","MAYF.AOS.reach","2017-03-14T14:11Z","2017-06-09","MAYF.20170314.SNAG.4",,,"POLSCA","Y","Polypedilum scalaenum gr.",,"speciesGroup","Arthropoda","Hexapoda","Insecta","Pterygota","Neoptera","Holometabola","Diptera","Nematocera","Culicomorpha",,"Chironomidae","Chironominae","Chironomini",,"Polypedilum","scalaenum gr.",,"larva",3,,2,100,2,"N","N","condition OK","Y",,"Epler 2001; Maschwitz and Cook 2000","N","EcoAnalysts Inc.","G. Wallace",,
"9869b6f8-9f95-4f8c-bc18-28467416bd57","D08","MAYF","MAYF.AOS.reach","2017-03-14T14:11Z","2017-11-17","MAYF.20170314.SNAG.2",,,"ACASP1","Y","Acari sp.",,"subclass","Arthropoda","Chelicerata","Arachnida","Acari",,,,,,,,,,,,"sp.",,"larva",1,,1,100,1,"N","N","condition OK","Y",,"Thorp and Covich 2001","N","EcoAnalysts Inc.","C. Fishel",,
"414a11a6-3f4a-4fd4-8e57-bc891d9ceadc","D08","MAYF","MAYF.AOS.reach","2017-03-14T14:11Z","2017-11-01","MAYF.20170314.CORE.2",,,"PRISP1","Y","Pristina sp.",,"genus","Annelida","Clitellata","Oligochaeta","Oligochaeta",,,"Tubificida",,,,"Naididae","Pristininae",,,"Pristina","sp.",,"larva",1,,2,100,2,"N","N","condition OK","Y",,"Kathman and Brinkhurst 1998","N","EcoAnalysts Inc.","C. Fishel",,
"d14c5f5f-902b-40bd-91b9-2eafb1f309a5","D08","MAYF","MAYF.AOS.reach","2017-03-14T14:11Z","2017-11-15","MAYF.20170314.SNAG.3",,,"ERISP11","Y","Eriopterini sp.",,"tribe","Arthropoda","Hexapoda","Insecta","Pterygota","Neoptera","Holometabola","Diptera","Nematocera","Tipulomorpha",,"Tipulidae","Limoniinae","Eriopterini sp.",,,"sp.",,"larva",5,,1,100,1,"Y","N","condition OK","Y",,"Merritt and Cummins 2008","N","EcoAnalysts Inc.","C. Fishel",,
"518329b1-e2e4-4086-b61d-b9d9ac560563","D08","MAYF","MAYF.AOS.reach","2017-03-14T14:11Z","2017-11-01","MAYF.20170314.SNAG.2",,,"ENCSP1","Y","Enchytraeidae sp.",,"family","Annelida","Clitellata","Oligochaeta","Oligochaeta",,,"Enchytraeida",,,,"Enchytraeidae",,,,,"sp.",,"larva",6,,3,100,3,"N","N","condition OK","Y",,"Kathman and Brinkhurst 1999","N","EcoAnalysts Inc.","C. Fishel",,
"b82db1b5-060e-4299-8461-8d793be37522","D08","MAYF","MAYF.AOS.reach","2017-03-14T14:11Z","2017-11-01","MAYF.20170314.SNAG.2",,,"ENCSP1","Y","Enchytraeidae sp.",,"family","Annelida","Clitellata","Oligochaeta","Oligochaeta",,,"Enchytraeida",,,,"Enchytraeidae",,,,,"sp.",,"larva",8,,1,100,1,"N","N","condition OK","Y",,"Kathman and Brinkhurst 1999","N","EcoAnalysts Inc.","C. Fishel",,
"bca41e8a-eaae-4d0e-85f3-f50c9e93c65e","D08","MAYF","MAYF.AOS.reach","2017-03-14T14:11Z","2017-11-01","MAYF.20170314.SNAG.5",,,"NAISP","Y","Naididae sp.","tubificoid Naididae w/o cap setae","family","Annelida","Clitellata","Oligochaeta","Oligochaeta",,,"Tubificida",,,,"Naididae",,,,,"sp.",,"larva",7,,1,100,1,"N","N","condition OK","Y",,"Kathman and Brinkhurst 1998","N","EcoAnalysts Inc.","C. Fishel",,
"fc52d603-58c0-428b-a346-3c53426ded1c","D08","MAYF","MAYF.AOS.reach","2017-03-14T14:11Z","2017-11-01","MAYF.20170314.SNAG.1",,,"LUMSP2","Y","Lumbriculidae sp.",,"family","Annelida","Clitellata","Oligochaeta","Oligochaeta",,,"Lumbriculida",,,,"Lumbriculidae",,,,,"sp.",,"larva",2,,1,100,1,"N","N","condition OK","Y",,"Kathman and Brinkhurst 1999","N","EcoAnalysts Inc.","C. Fishel",,
"95ab8a97-ef57-40ef-927b-5a0ed96c1f4a","D08","MAYF","MAYF.AOS.reach","2017-03-14T14:11Z","2017-11-19","MAYF.20170314.SNAG.4",,,"BEZSP1","Y","Bezzia/Palpomyia sp.",,"speciesGroup","Arthropoda","Hexapoda","Insecta","Pterygota","Neoptera","Holometabola","Diptera","Nematocera","Culicomorpha",,"Ceratopogonidae","Ceratopogoninae","Palpomyiini",,"Bezzia/Palpomyia","sp.",,"larva",4,,1,100,1,"N","N","condition OK","Y",,"Merritt and Cummins 2008","N","EcoAnalysts Inc.","C. Fishel",,
"8be01b7b-2abe-41f7-8adc-f16054db115e","D08","MAYF","MAYF.AOS.reach","2017-03-14T14:11Z","2017-06-09","MAYF.20170314.SNAG.1",,,"ORTSP3","Y","Orthocladius sp.",,"genus","Arthropoda","Hexapoda","Insecta","Pterygota","Neoptera","Holometabola","Diptera","Nematocera","Culicomorpha",,"Chironomidae","Orthocladiinae",,,"Orthocladius","sp.",,"pupa",3,,1,100,1,"N","N","condition OK","Y",,"Epler 2001; Maschwitz and Cook 2000","N","EcoAnalysts Inc.","G. Wallace",,
"cd4a28d3-b37d-4efc-8c62-7c790bc2620b","D08","MAYF","MAYF.AOS.reach","2017-03-14T14:11Z","2017-06-09","MAYF.20170314.CORE.2",,,"STESP10","Y","Stempellinella sp.",,"genus","Arthropoda","Hexapoda","Insecta","Pterygota","Neoptera","Holometabola","Diptera","Nematocera","Culicomorpha",,"Chironomidae","Chironominae","Tanytarsini",,"Stempellinella","sp.",,"larva",2,,1,100,1,"N","N","condition OK","Y",,"Epler 2001","N","EcoAnalysts Inc.","G. Wallace",,
"9c0e2530-bba9-4425-b51f-12f9598b9266","D08","MAYF","MAYF.AOS.reach","2017-03-14T14:11Z","2017-06-09","MAYF.20170314.SNAG.3",,,"CLASP6","Y","Cladotanytarsus sp.",,"genus","Arthropoda","Hexapoda","Insecta","Pterygota","Neoptera","Holometabola","Diptera","Nematocera","Culicomorpha",,"Chironomidae","Chironominae","Tanytarsini",,"Cladotanytarsus","sp.",,"larva",1,,1,100,1,"N","N","condition OK","Y",,"Epler 2001","N","EcoAnalysts Inc.","G. Wallace",,
"a87b5741-3ca4-4e9a-b3f9-97473b429a19","D08","MAYF","MAYF.AOS.reach","2017-03-14T14:11Z","2017-06-09","MAYF.20170314.SNAG.4",,,"PARSP25","Y","Parakiefferiella sp.",,"genus","Arthropoda","Hexapoda","Insecta","Pterygota","Neoptera","Holometabola","Diptera","Nematocera","Culicomorpha",,"Chironomidae","Orthocladiinae",,,"Parakiefferiella","sp.",,"larva",2,,1,100,1,"N","N","condition OK","Y",,"Epler 2001","N","EcoAnalysts Inc.","G. Wallace",,
"a1a110bc-3d44-433f-93ba-b3da3b526313","D08","MAYF","MAYF.AOS.reach","2017-03-14T14:11Z","2017-11-19","MAYF.20170314.SNAG.4",,,"LYPDIV","Y","Lype diversa",,"species","Arthropoda","Hexapoda","Insecta","Pterygota","Neoptera","Holometabola","Trichoptera",,,"Hydropsychoidea","Psychomyiidae","Psychomyiinae",,,"Lype","diversa",,"larva",3,,1,100,1,"N","N","condition OK","Y",,"Wiggins 1996","N","EcoAnalysts Inc.","C. Fishel",,
"87c52eb3-3ca1-4026-9c84-b7e21999aaf8","D08","MAYF","MAYF.AOS.reach","2017-03-14T14:11Z","2017-11-19","MAYF.20170314.SNAG.4",,,"CERSP10","Y","Ceratopogoninae sp.",,"subfamily","Arthropoda","Hexapoda","Insecta","Pterygota","Neoptera","Holometabola","Diptera","Nematocera","Culicomorpha",,"Ceratopogonidae","Ceratopogoninae",,,,"sp.",,"larva",3,,2,100,2,"Y","N","condition OK","Y",,"Merritt and Cummins 2008","N","EcoAnalysts Inc.","C. Fishel",,
"bdc132d6-1a66-43a2-81a1-34aef7de6746","D08","MAYF","MAYF.AOS.reach","2017-03-14T14:11Z","2017-06-09","MAYF.20170314.SNAG.2",,,"HYDSP52","Y","Hydrosmittia sp.",,"genus","Arthropoda",,"Insecta","Pterygota","Neoptera",,"Diptera","Nematocera","Culicomorpha","Chironomoidea","Chironomidae","Orthocladiinae",,,"Hydrosmittia","sp.",,"larva",3,,1,100,1,"N","N","condition OK","Y",,"Anderson et al. 2013","N","EcoAnalysts Inc.","G. Wallace",,
"3ea58d2c-f7b9-4746-8385-153c313b3833","D08","MAYF","MAYF.AOS.reach","2017-03-14T14:11Z","2017-11-17","MAYF.20170314.SNAG.2",,,"SIMSP1","Y","Simulium sp.",,"genus","Arthropoda","Hexapoda","Insecta","Pterygota","Neoptera","Holometabola","Diptera","Nematocera","Culicomorpha",,"Simuliidae","Simuliinae","Simuliini",,"Simulium","sp.",,"larva",2,,1,100,1,"N","N","condition OK","Y",,"Merritt and Cummins 2008","N","EcoAnalysts Inc.","C. Fishel",,
"5608396c-eea4-48cc-b9a2-35b887603e5e","D08","MAYF","MAYF.AOS.reach","2017-03-14T14:11Z","2017-11-17","MAYF.20170314.SNAG.2",,,"TIPSP3","Y","Tipula sp.",,"genus","Arthropoda","Hexapoda","Insecta","Pterygota","Neoptera","Holometabola","Diptera","Nematocera","Tipulomorpha",,"Tipulidae","Tipulinae",,,"Tipula","sp.",,"larva",15,,1,100,1,"N","N","condition OK","Y",,"Merritt and Cummins 2008","N","EcoAnalysts Inc.","C. Fishel",,
"7bf9aae0-c2bb-44e6-b234-fe3beaebdfd6","D08","MAYF","MAYF.AOS.reach","2017-03-14T14:11Z","2017-06-09","MAYF.20170314.SNAG.5",,,"UNNMUL","Y","Unniella multivirga",,"species","Arthropoda","Hexapoda","Insecta","Pterygota","Neoptera","Holometabola","Diptera","Nematocera","Culicomorpha",,"Chironomidae","Orthocladiinae",,,"Unniella","multivirga",,"larva",2,,1,100,1,"N","N","condition OK","Y",,"Epler 2001; Maschwitz and Cook 2000","N","EcoAnalysts Inc.","G. Wallace",,
"fc7afdc5-1c08-4ab0-9b1d-487c5a2a34ff","D08","MAYF","MAYF.AOS.reach","2017-03-14T14:11Z","2017-11-01","MAYF.20170314.SNAG.1",,,"ENCSP1","Y","Enchytraeidae sp.",,"family","Annelida","Clitellata","Oligochaeta","Oligochaeta",,,"Enchytraeida",,,,"Enchytraeidae",,,,,"sp.",,"larva",2,,10,100,10,"N","N","condition OK","Y",,"Kathman and Brinkhurst 1999","N","EcoAnalysts Inc.","C. Fishel",,
"8bb1f55b-6e5e-496a-9d34-87ccaa7e066b","D08","MAYF","MAYF.AOS.reach","2017-03-14T14:11Z","2017-11-19","MAYF.20170314.SNAG.4",,,"NYCSP","Y","Nyctiophylax sp.",,"genus","Arthropoda","Hexapoda","Insecta","Pterygota","Neoptera","Holometabola","Trichoptera",,,"Hydropsychoidea","Polycentropodidae","Polycentropodinae",,,"Nyctiophylax","sp.",,"larva",5,,1,100,1,"N","N","condition OK","Y",,"Wiggins 1996","N","EcoAnalysts Inc.","C. Fishel",,
"955fe3b0-0480-4012-a261-19205c0d2176","D08","MAYF","MAYF.AOS.reach","2017-03-14T14:11Z","2017-11-19","MAYF.20170314.SNAG.4",,,"ANCVAR1","Y","Ancyronyx variegata",,"species","Arthropoda","Hexapoda","Insecta","Pterygota","Neoptera","Holometabola","Coleoptera","Polyphaga","Elateriformia","Byrrhoidea","Elmidae","Elminae","Ancyronychini",,"Ancyronyx","variegata",,"larva",1,,2,100,2,"N","N","condition OK","Y",,"Brown and White 1978","N","EcoAnalysts Inc.","C. Fishel",,
"9a8ca1c1-d4b0-4935-8651-144a6a1f2010","D08","MAYF","MAYF.AOS.reach","2017-03-14T14:11Z","2017-06-09","MAYF.20170314.SNAG.4",,,"THIGRO","Y","Thienemannimyia gr.",,"speciesGroup","Arthropoda","Hexapoda","Insecta","Pterygota","Neoptera","Holometabola","Diptera","Nematocera","Culicomorpha",,"Chironomidae","Tanypodinae","Pentaneurini",,"Thienemannimyia","gr.",,"larva",3,,5,100,5,"N","N","condition OK","Y",,"Epler 2001","N","EcoAnalysts Inc.","G. Wallace",,
"5bbf21a5-a68b-479b-8ed2-4eefddfa84e7","D08","MAYF","MAYF.AOS.reach","2017-03-14T14:11Z","2017-06-09","MAYF.20170314.SNAG.4",,,"THIGRO","Y","Thienemannimyia gr.",,"speciesGroup","Arthropoda","Hexapoda","Insecta","Pterygota","Neoptera","Holometabola","Diptera","Nematocera","Culicomorpha",,"Chironomidae","Tanypodinae","Pentaneurini",,"Thienemannimyia","gr.",,"larva",1,,11,100,11,"N","N","condition OK","Y",,"Epler 2001","N","EcoAnalysts Inc.","G. Wallace",,
"97e3abc7-15e7-4443-a138-3821f2ec9fdd","D08","MAYF","MAYF.AOS.reach","2017-03-14T14:11Z","2017-11-20","MAYF.20170314.SNAG.5",,,"CERSP10","Y","Ceratopogoninae sp.",,"subfamily","Arthropoda","Hexapoda","Insecta","Pterygota","Neoptera","Holometabola","Diptera","Nematocera","Culicomorpha",,"Ceratopogonidae","Ceratopogoninae",,,,"sp.",,"larva",2,,2,100,2,"Y","N","condition OK","Y",,"Merritt and Cummins 2008","N","EcoAnalysts Inc.","C. Fishel",,
"fab8913b-7ac8-4dae-9d10-2b33c551b52f","D08","MAYF","MAYF.AOS.reach","2017-03-14T14:11Z","2017-06-09","MAYF.20170314.SNAG.1",,,"CORSP19","Y","Corynoneura sp.",,"genus","Arthropoda","Hexapoda","Insecta","Pterygota","Neoptera","Holometabola","Diptera","Nematocera","Culicomorpha",,"Chironomidae","Orthocladiinae",,,"Corynoneura","sp.",,"larva",2,,5,100,5,"N","N","condition OK","Y",,"Epler 2001","N","EcoAnalysts Inc.","G. Wallace",,
"b505695a-d6a9-4ba6-b3af-7e26f345f646","D08","MAYF","MAYF.AOS.reach","2017-03-14T14:11Z","2017-06-09","MAYF.20170314.SNAG.4",,,"TANSP8","Y","Tanytarsini sp.",,"tribe","Arthropoda","Hexapoda","Insecta","Pterygota","Neoptera","Holometabola","Diptera","Nematocera","Culicomorpha",,"Chironomidae","Chironominae","Tanytarsini",,,"sp.",,"larva",4,,1,100,1,"N","N","condition OK","N",,"Epler 2001","N","EcoAnalysts Inc.","G. Wallace",,
"98f5d30b-7bd1-4fd9-a686-460e493a89bc","D08","MAYF","MAYF.AOS.reach","2017-03-14T14:11Z","2017-06-09","MAYF.20170314.CORE.1",,,"POLHAL","Y","Polypedilum halterale gr.",,"speciesGroup","Arthropoda","Hexapoda","Insecta","Pterygota","Neoptera","Holometabola","Diptera","Nematocera","Culicomorpha",,"Chironomidae","Chironominae","Chironomini",,"Polypedilum","halterale gr.",,"larva",3,,1,100,1,"N","N","condition OK","Y",,"Epler 2001; Maschwitz and Cook 2000","N","EcoAnalysts Inc.","G. Wallace",,
"092d594f-d57f-4779-8e22-e0be50951480","D08","MAYF","MAYF.AOS.reach","2017-03-14T14:11Z","2017-11-19","MAYF.20170314.SNAG.1",,,"MACMOD","Y","Maccaffertium modestum",,"species","Arthropoda","Hexapoda","Insecta","Pterygota","Palaeoptera",,"Ephemeroptera","Pisciforma",,"Heptagenioidea","Heptageniidae",,,,"Maccaffertium","modestum",,"larva",7,,1,100,1,"N","N","condition OK","Y",,"Bednarik and McCafferty 1979","N","EcoAnalysts Inc.","C. Fishel",,
"905dc95b-6087-4ce8-8dff-1e3d5dc03849","D08","MAYF","MAYF.AOS.reach","2017-03-14T14:11Z","2017-06-09","MAYF.20170314.SNAG.1",,,"STESP10","Y","Stempellinella sp.",,"genus","Arthropoda","Hexapoda","Insecta","Pterygota","Neoptera","Holometabola","Diptera","Nematocera","Culicomorpha",,"Chironomidae","Chironominae","Tanytarsini",,"Stempellinella","sp.",,"larva",2,,1,100,1,"N","N","condition OK","Y",,"Epler 2001","N","EcoAnalysts Inc.","G. Wallace",,
"6e4ad024-0795-4c85-a7ea-62a760a23c33","D08","MAYF","MAYF.AOS.reach","2017-03-14T14:11Z","2017-06-09","MAYF.20170314.SNAG.5",,,"TANSP11","Y","Tanytarsus sp.",,"genus","Arthropoda","Hexapoda","Insecta","Pterygota","Neoptera","Holometabola","Diptera","Nematocera","Culicomorpha",,"Chironomidae","Chironominae","Tanytarsini",,"Tanytarsus","sp.",,"larva",1,,5,100,5,"N","N","condition OK","Y",,"Epler 2001","N","EcoAnalysts Inc.","G. Wallace",,
"7d78bf34-618a-41f2-95e0-18e3580d95ea","D08","MAYF","MAYF.AOS.reach","2017-03-14T14:11Z","2017-06-13","MAYF.20170314.SNAG.5",,,"XYLPAR","Y","Xylotopus par",,"species","Arthropoda","Hexapoda","Insecta","Pterygota","Neoptera","Holometabola","Diptera","Nematocera","Culicomorpha",,"Chironomidae","Orthocladiinae",,,"Xylotopus","par",,"larva",2,,1,100,1,"N","N","condition OK","Y",,"Epler 2001","N","EcoAnalysts Inc.","G. Wallace",,
"f7b31b12-6127-44cf-a200-9f0af1b34525","D08","MAYF","MAYF.AOS.reach","2017-03-14T14:11Z","2017-11-19","MAYF.20170314.SNAG.4",,,"PLESP","Y","Plecoptera sp.",,"order","Arthropoda","Hexapoda","Insecta","Pterygota","Neoptera","Polyneoptera","Plecoptera",,,,,,,,,"sp.",,"larva",1,,1,100,1,"Y","N","condition OK","Y",,"Merritt and Cummins 2008","N","EcoAnalysts Inc.","C. Fishel",,
"8709ff00-b1d6-462b-8cf8-97ebda8ae999","D08","MAYF","MAYF.AOS.reach","2017-03-14T14:11Z","2017-06-09","MAYF.20170314.SNAG.4",,,"CORSP19","Y","Corynoneura sp.",,"genus","Arthropoda","Hexapoda","Insecta","Pterygota","Neoptera","Holometabola","Diptera","Nematocera","Culicomorpha",,"Chironomidae","Orthocladiinae",,,"Corynoneura","sp.",,"larva",2,,1,100,1,"N","N","condition OK","Y",,"Epler 2001","N","EcoAnalysts Inc.","G. Wallace",,
"1ceb0620-657b-408b-83ca-d9d14110e3ca","D08","MAYF","MAYF.AOS.reach","2017-03-14T14:11Z","2017-11-01","MAYF.20170314.SNAG.5",,,"ENCSP1","Y","Enchytraeidae sp.",,"family","Annelida","Clitellata","Oligochaeta","Oligochaeta",,,"Enchytraeida",,,,"Enchytraeidae",,,,,"sp.",,"larva",10,,1,100,1,"N","N","condition OK","Y",,"Kathman and Brinkhurst 1999","N","EcoAnalysts Inc.","C. Fishel",,
"a48cd240-995f-43fb-b8da-ec69bd5977bf","D08","MAYF","MAYF.AOS.reach","2017-03-14T14:11Z","2017-11-19","MAYF.20170314.SNAG.1",,,"ANCVAR1","Y","Ancyronyx variegata",,"species","Arthropoda","Hexapoda","Insecta","Pterygota","Neoptera","Holometabola","Coleoptera","Polyphaga","Elateriformia","Byrrhoidea","Elmidae","Elminae","Ancyronychini",,"Ancyronyx","variegata",,"larva",2,,1,100,1,"N","N","condition OK","Y",,"Brown and White 1978","N","EcoAnalysts Inc.","C. Fishel",,
"64938b98-4c77-4b10-9272-3878a1befd72","D08","MAYF","MAYF.AOS.reach","2017-03-14T14:11Z","2017-06-09","MAYF.20170314.SNAG.3",,,"CORSP19","Y","Corynoneura sp.",,"genus","Arthropoda","Hexapoda","Insecta","Pterygota","Neoptera","Holometabola","Diptera","Nematocera","Culicomorpha",,"Chironomidae","Orthocladiinae",,,"Corynoneura","sp.",,"larva",1,,1,100,1,"N","N","condition OK","Y",,"Epler 2001","N","EcoAnalysts Inc.","G. Wallace",,
"e77b39ec-5b4e-4c6f-9ce7-4c04588fd47e","D08","MAYF","MAYF.AOS.reach","2017-03-14T14:11Z","2017-06-09","MAYF.20170314.CORE.2",,,"STESP10","Y","Stempellinella sp.",,"genus","Arthropoda","Hexapoda","Insecta","Pterygota","Neoptera","Holometabola","Diptera","Nematocera","Culicomorpha",,"Chironomidae","Chironominae","Tanytarsini",,"Stempellinella","sp.",,"larva",1,,2,100,2,"N","N","condition OK","Y",,"Epler 2001","N","EcoAnalysts Inc.","G. Wallace",,
"cbfb2682-1012-4560-9c1d-1de4083a8587","D08","MAYF","MAYF.AOS.reach","2017-03-14T14:11Z","2017-06-09","MAYF.20170314.SNAG.4",,,"PENSP7","Y","Pentaneura sp.",,"genus","Arthropoda","Hexapoda","Insecta","Pterygota","Neoptera","Holometabola","Diptera","Nematocera","Culicomorpha",,"Chironomidae","Tanypodinae","Pentaneurini",,"Pentaneura","sp.",,"larva",1,,2,100,2,"N","N","condition OK","Y",,"Epler 2001; Maschwitz and Cook 2000","N","EcoAnalysts Inc.","G. Wallace",,
"5c042f8c-c7ac-42bd-916f-4b23e714b893","D08","MAYF","MAYF.AOS.reach","2017-03-14T14:11Z","2017-11-01","MAYF.20170314.SNAG.1",,,"ENCSP1","Y","Enchytraeidae sp.",,"family","Annelida","Clitellata","Oligochaeta","Oligochaeta",,,"Enchytraeida",,,,"Enchytraeidae",,,,,"sp.",,"larva",3,,19,100,19,"N","N","condition OK","Y",,"Kathman and Brinkhurst 1999","N","EcoAnalysts Inc.","C. Fishel",,
"b7ef3990-a36f-4e16-b0a1-3878ab4a71f0","D08","MAYF","MAYF.AOS.reach","2017-03-14T14:11Z","2017-06-09","MAYF.20170314.SNAG.4",,,"THIGRO","Y","Thienemannimyia gr.",,"speciesGroup","Arthropoda","Hexapoda","Insecta","Pterygota","Neoptera","Holometabola","Diptera","Nematocera","Culicomorpha",,"Chironomidae","Tanypodinae","Pentaneurini",,"Thienemannimyia","gr.",,"larva",4,,1,100,1,"N","N","condition OK","Y",,"Epler 2001","N","EcoAnalysts Inc.","G. Wallace",,
"8fb643d5-0706-4620-90c1-33b2001eeb23","D08","MAYF","MAYF.AOS.reach","2017-03-14T14:11Z","2017-06-09","MAYF.20170314.SNAG.5",,,"POLEPL","Y","Polypedilum epleri",,"species","Arthropoda","Hexapoda","Insecta",,,,"Diptera","Nematocera",,,"Chironomidae","Chironominae","Chironomini",,"Polypedilum","epleri",,"larva",8,,1,100,1,"N","N","condition OK","Y",,"Epler 2001; Maschwitz and Cook 2000","N","EcoAnalysts Inc.","G. Wallace",,
"991d6e97-6bd4-43f1-84a4-4764868deaf5","D08","MAYF","MAYF.AOS.reach","2017-03-14T14:11Z","2017-06-09","MAYF.20170314.SNAG.3",,,"CORSP19","Y","Corynoneura sp.",,"genus","Arthropoda","Hexapoda","Insecta","Pterygota","Neoptera","Holometabola","Diptera","Nematocera","Culicomorpha",,"Chironomidae","Orthocladiinae",,,"Corynoneura","sp.",,"larva",2,,1,100,1,"N","N","condition OK","Y",,"Epler 2001","N","EcoAnalysts Inc.","G. Wallace",,
"eee963b1-5a9a-4b6a-9e51-8141fd98986d","D08","MAYF","MAYF.AOS.reach","2017-03-14T14:11Z","2017-11-19","MAYF.20170314.SNAG.2",,,"COLSP1","Y","Collembola sp.",,"order","Arthropoda","Hexapoda","Collembola",,,,"Collembola",,,,,,,,,"sp.",,"larva",1,,6,100,6,"N","N","condition OK","Y",,"Triplehorn and Johnson 2005","N","EcoAnalysts Inc.","C. Fishel",,
"c19c8f79-b68c-449b-957f-978b62339e85","D08","MAYF","MAYF.AOS.reach","2017-03-14T14:11Z","2017-11-01","MAYF.20170314.SNAG.5",,,"NAISP","Y","Naididae sp.","tubificoid Naididae w/ cap setae","family","Annelida","Clitellata","Oligochaeta","Oligochaeta",,,"Tubificida",,,,"Naididae",,,,,"sp.",,"larva",1,,1,100,1,"N","N","condition OK","Y",,"Kathman and Brinkhurst 1999","N","EcoAnalysts Inc.","C. Fishel",,
"b0b87e04-37be-4940-8fa4-52264ce81b95","D08","MAYF","MAYF.AOS.reach","2017-03-14T14:11Z","2017-06-09","MAYF.20170314.SNAG.5",,,"POLILL","Y","Polypedilum illinoense gr.",,"speciesGroup","Arthropoda","Hexapoda","Insecta","Pterygota","Neoptera","Holometabola","Diptera","Nematocera","Culicomorpha",,"Chironomidae","Chironominae","Chironomini",,"Polypedilum","illinoense gr.",,"larva",4,,1,100,1,"N","N","condition OK","Y",,"Epler 2001; Maschwitz and Cook 2000","N","EcoAnalysts Inc.","G. Wallace",,
"8274e3ab-9b3e-4b9f-9553-e488d67a2654","D08","MAYF","MAYF.AOS.reach","2017-03-14T14:11Z","2017-06-09","MAYF.20170314.SNAG.5",,,"POLSCA","Y","Polypedilum scalaenum gr.",,"speciesGroup","Arthropoda","Hexapoda","Insecta","Pterygota","Neoptera","Holometabola","Diptera","Nematocera","Culicomorpha",,"Chironomidae","Chironominae","Chironomini",,"Polypedilum","scalaenum gr.",,"larva",3,,4,100,4,"N","N","condition OK","Y",,"Epler 2001; Maschwitz and Cook 2000","N","EcoAnalysts Inc.","G. Wallace",,
"36217951-05ef-4d46-a1c8-9734c81471ef","D08","MAYF","MAYF.AOS.reach","2017-03-14T14:11Z","2017-11-01","MAYF.20170314.SNAG.2",,,"ENCSP1","Y","Enchytraeidae sp.",,"family","Annelida","Clitellata","Oligochaeta","Oligochaeta",,,"Enchytraeida",,,,"Enchytraeidae",,,,,"sp.",,"larva",7,,2,100,2,"N","N","condition OK","Y",,"Kathman and Brinkhurst 1999","N","EcoAnalysts Inc.","C. Fishel",,
"ae444979-abf0-4422-a7f3-b7ba5b1be320","D08","MAYF","MAYF.AOS.reach","2017-03-14T14:11Z","2017-06-09","MAYF.20170314.SNAG.2",,,"TANSP11","Y","Tanytarsus sp.",,"genus","Arthropoda","Hexapoda","Insecta","Pterygota","Neoptera","Holometabola","Diptera","Nematocera","Culicomorpha",,"Chironomidae","Chironominae","Tanytarsini",,"Tanytarsus","sp.",,"larva",2,,1,100,1,"N","N","condition OK","Y",,"Epler 2001","N","EcoAnalysts Inc.","G. Wallace",,
"701dec67-e12f-4777-b5f4-503ccbd5975e","D08","MAYF","MAYF.AOS.reach","2017-03-14T14:11Z","2017-06-09","MAYF.20170314.SNAG.2",,,"ZAVSP","Y","Zavrelimyia sp.",,"genus","Arthropoda","Hexapoda","Insecta","Pterygota","Neoptera","Holometabola","Diptera","Nematocera","Culicomorpha",,"Chironomidae","Tanypodinae","Pentaneurini",,"Zavrelimyia","sp.",,"larva",4,,1,100,1,"N","N","condition OK","Y",,"Epler 2001","N","EcoAnalysts Inc.","G. Wallace",,
"a3fc6c33-d1c5-49ac-adb0-64f06bfc2d61","D08","MAYF","MAYF.AOS.reach","2017-03-14T14:11Z","2017-11-19","MAYF.20170314.SNAG.4",,,"HEMSP4","Y","Hemerodromia sp.",,"genus","Arthropoda","Hexapoda","Insecta","Pterygota","Neoptera","Holometabola","Diptera","Brachycera","Muscomorpha",,"Empididae","Hemerodromiinae","Hemerodromiini",,"Hemerodromia","sp.",,"larva",3,,1,100,1,"N","N","condition OK","Y",,"Merritt and Cummins 2008","N","EcoAnalysts Inc.","C. Fishel",,
"cc6f6a59-825a-4a67-990e-035975e570db","D08","MAYF","MAYF.AOS.reach","2017-03-14T14:11Z","2017-06-09","MAYF.20170314.SNAG.3",,,"POLTRI2","Y","Polypedilum tritum",,"species","Arthropoda","Hexapoda","Insecta","Pterygota","Neoptera","Holometabola","Diptera","Nematocera","Culicomorpha",,"Chironomidae","Chironominae","Chironomini",,"Polypedilum","tritum",,"larva",3,,1,100,1,"N","N","condition OK","Y",,"Epler 2001; Maschwitz and Cook 2000","N","EcoAnalysts Inc.","G. Wallace",,
"5833d4c7-f8e8-423a-85f9-5ccfde6e2701","D08","MAYF","MAYF.AOS.reach","2017-03-14T14:11Z","2017-06-09","MAYF.20170314.SNAG.4",,,"TANSP11","Y","Tanytarsus sp.",,"genus","Arthropoda","Hexapoda","Insecta","Pterygota","Neoptera","Holometabola","Diptera","Nematocera","Culicomorpha",,"Chironomidae","Chironominae","Tanytarsini",,"Tanytarsus","sp.",,"larva",1,,19,100,19,"N","N","condition OK","Y",,"Epler 2001","N","EcoAnalysts Inc.","G. Wallace",,
"2a1fe0b5-5a34-471e-9f1c-0ab2447de3aa","D08","MAYF","MAYF.AOS.reach","2017-03-14T14:11Z","2017-06-09","MAYF.20170314.SNAG.4",,,"STEPER","Y","Stelechomyia perpulchra",,"species","Arthropoda","Hexapoda","Insecta","Pterygota","Neoptera","Holometabola","Diptera","Nematocera","Culicomorpha",,"Chironomidae","Chironominae","Chironomini",,"Stelechomyia","perpulchra",,"larva",3,,1,100,1,"N","N","condition OK","Y",,"Epler 2001; Maschwitz and Cook 2000","N","EcoAnalysts Inc.","G. Wallace",,
"06d29788-8a36-4b00-b6f8-edd31ea03d4e","D08","MAYF","MAYF.AOS.reach","2017-03-14T14:11Z","2017-06-09","MAYF.20170314.SNAG.5",,,"THIGRO","Y","Thienemannimyia gr.",,"speciesGroup","Arthropoda","Hexapoda","Insecta","Pterygota","Neoptera","Holometabola","Diptera","Nematocera","Culicomorpha",,"Chironomidae","Tanypodinae","Pentaneurini",,"Thienemannimyia","gr.",,"larva",2,,3,100,3,"N","N","condition OK","Y",,"Epler 2001","N","EcoAnalysts Inc.","G. Wallace",,
"7f1d539a-f38c-423d-af74-1ec548b796ac","D08","MAYF","MAYF.AOS.reach","2017-03-14T14:11Z","2017-11-01","MAYF.20170314.SNAG.3",,,"NAISP","Y","Naididae sp.","tubificoid Naididae w/ cap setae","family","Annelida","Clitellata","Oligochaeta","Oligochaeta",,,"Tubificida",,,,"Naididae",,,,,"sp.",,"larva",1,,1,100,1,"N","N","condition OK","Y",,"Kathman and Brinkhurst 1999","N","EcoAnalysts Inc.","C. Fishel",,
"f56216e2-028b-4225-bf56-c342e839c8b4","D08","MAYF","MAYF.AOS.reach","2017-03-14T14:11Z","2017-06-09","MAYF.20170314.SNAG.4",,,"CHISP6","Y","Chironomini sp.",,"tribe","Arthropoda","Hexapoda","Insecta","Pterygota","Neoptera","Holometabola","Diptera","Nematocera","Culicomorpha",,"Chironomidae","Chironominae","Chironomini",,,"sp.",,"larva",1,,2,100,2,"Y","N","condition OK","N",,"Epler 2001","N","EcoAnalysts Inc.","G. Wallace",,
"34d94a85-5059-46ec-be24-467d24f4fd36","D08","MAYF","MAYF.AOS.reach","2017-03-14T14:11Z","2017-06-09","MAYF.20170314.SNAG.2",,,"CORSP19","Y","Corynoneura sp.",,"genus","Arthropoda","Hexapoda","Insecta","Pterygota","Neoptera","Holometabola","Diptera","Nematocera","Culicomorpha",,"Chironomidae","Orthocladiinae",,,"Corynoneura","sp.",,"larva",1,,1,100,1,"N","N","condition OK","Y",,"Epler 2001","N","EcoAnalysts Inc.","G. Wallace",,
"8985902a-0d8e-4387-a538-7aee8cd76550","D08","MAYF","MAYF.AOS.reach","2017-03-14T14:11Z","2017-11-19","MAYF.20170314.SNAG.4",,,"HYDSP24","Y","Hydroptila sp.",,"genus","Arthropoda","Hexapoda","Insecta","Pterygota","Neoptera","Holometabola","Trichoptera",,,"Hydroptiloidea","Hydroptilidae","Hydroptilinae","Hydroptilini",,"Hydroptila","sp.",,"larva",1,,3,100,3,"N","N","condition OK","Y",,"Wiggins 1996","N","EcoAnalysts Inc.","C. Fishel",,
"b091736a-ca39-4295-8f15-3370f26bebd3","D08","MAYF","MAYF.AOS.reach","2017-03-14T14:11Z","2017-06-09","MAYF.20170314.SNAG.4",,,"ABLSP","Y","Ablabesmyia sp.",,"genus","Arthropoda","Hexapoda","Insecta","Pterygota","Neoptera","Holometabola","Diptera","Nematocera","Culicomorpha",,"Chironomidae","Tanypodinae","Pentaneurini",,"Ablabesmyia","sp.",,"larva",4,,1,100,1,"Y","N","condition OK","Y",,"Roback 1985 and Epler 2001","N","EcoAnalysts Inc.","G. Wallace",,
"d477f257-58a9-4b4b-9802-cb0f3532d23c","D08","MAYF","MAYF.AOS.reach","2017-03-14T14:11Z","2017-11-20","MAYF.20170314.SNAG.5",,,"CERSP10","Y","Ceratopogoninae sp.",,"subfamily","Arthropoda","Hexapoda","Insecta","Pterygota","Neoptera","Holometabola","Diptera","Nematocera","Culicomorpha",,"Ceratopogonidae","Ceratopogoninae",,,,"sp.",,"larva",3,,1,100,1,"Y","N","condition OK","Y",,"Merritt and Cummins 2008","N","EcoAnalysts Inc.","C. Fishel",,
"730c5335-b1ee-4437-82f1-873f51b2064c","D08","MAYF","MAYF.AOS.reach","2017-03-14T14:11Z","2017-06-09","MAYF.20170314.SNAG.2",,,"POLSCA","Y","Polypedilum scalaenum gr.",,"speciesGroup","Arthropoda","Hexapoda","Insecta","Pterygota","Neoptera","Holometabola","Diptera","Nematocera","Culicomorpha",,"Chironomidae","Chironominae","Chironomini",,"Polypedilum","scalaenum gr.",,"larva",2,,2,100,2,"N","N","condition OK","Y",,"Epler 2001; Maschwitz and Cook 2000","N","EcoAnalysts Inc.","G. Wallace",,
"042e5e0a-5341-43d0-bee8-f370f5cb70e9","D08","MAYF","MAYF.AOS.reach","2017-03-14T14:11Z","2017-06-09","MAYF.20170314.SNAG.4",,,"TANSP11","Y","Tanytarsus sp.",,"genus","Arthropoda","Hexapoda","Insecta","Pterygota","Neoptera","Holometabola","Diptera","Nematocera","Culicomorpha",,"Chironomidae","Chironominae","Tanytarsini",,"Tanytarsus","sp.",,"larva",3,,4,100,4,"N","N","condition OK","Y",,"Epler 2001","N","EcoAnalysts Inc.","G. Wallace",,
"6a0dc224-e3d5-4a43-ac6f-a45fd5c04138","D08","MAYF","MAYF.AOS.reach","2017-03-14T14:11Z","2017-06-09","MAYF.20170314.SNAG.5",,,"PARSP27","Y","Paraphaenocladius sp.",,"genus","Arthropoda","Hexapoda","Insecta","Pterygota","Neoptera","Holometabola","Diptera","Nematocera","Culicomorpha",,"Chironomidae","Orthocladiinae",,,"Paraphaenocladius","sp.",,"larva",2,,1,100,1,"N","N","condition OK","Y",,"Epler 2001; Maschwitz and Cook 2000","N","EcoAnalysts Inc.","G. Wallace",,
"1a5a6601-1f9d-47d2-81c2-e70a8c35239c","D08","MAYF","MAYF.AOS.reach","2017-03-14T14:11Z","2017-06-09","MAYF.20170314.SNAG.5",,,"THISP2","Y","Thienemanniella sp.",,"genus","Arthropoda","Hexapoda","Insecta","Pterygota","Neoptera","Holometabola","Diptera","Nematocera","Culicomorpha",,"Chironomidae","Orthocladiinae",,,"Thienemanniella","sp.",,"larva",1,,2,100,2,"N","N","condition OK","Y",,"Epler 2001","N","EcoAnalysts Inc.","G. Wallace",,
"4c6cb534-a69f-4360-9ad7-7f31b20f95e2","D08","MAYF","MAYF.AOS.reach","2017-03-14T14:11Z","2017-11-01","MAYF.20170314.SNAG.2",,,"ENCSP1","Y","Enchytraeidae sp.",,"family","Annelida","Clitellata","Oligochaeta","Oligochaeta",,,"Enchytraeida",,,,"Enchytraeidae",,,,,"sp.",,"larva",4,,7,100,7,"N","N","condition OK","Y",,"Kathman and Brinkhurst 1999","N","EcoAnalysts Inc.","C. Fishel",,
"26e97e22-410f-488b-a152-d08170cd5c7a","D08","MAYF","MAYF.AOS.reach","2017-03-14T14:11Z","2017-06-09","MAYF.20170314.SNAG.4",,,"TANSP11","Y","Tanytarsus sp.",,"genus","Arthropoda","Hexapoda","Insecta","Pterygota","Neoptera","Holometabola","Diptera","Nematocera","Culicomorpha",,"Chironomidae","Chironominae","Tanytarsini",,"Tanytarsus","sp.",,"larva",2,,18,100,18,"N","N","condition OK","Y",,"Epler 2001","N","EcoAnalysts Inc.","G. Wallace",,
"1802d87b-c4ab-462d-9cb6-40da193f9ae0","D08","MAYF","MAYF.AOS.reach","2017-03-14T14:11Z","2017-06-09","MAYF.20170314.SNAG.1",,,"POLSCA","Y","Polypedilum scalaenum gr.",,"speciesGroup","Arthropoda","Hexapoda","Insecta","Pterygota","Neoptera","Holometabola","Diptera","Nematocera","Culicomorpha",,"Chironomidae","Chironominae","Chironomini",,"Polypedilum","scalaenum gr.",,"larva",2,,1,100,1,"N","N","condition OK","Y",,"Epler 2001; Maschwitz and Cook 2000","N","EcoAnalysts Inc.","G. Wallace",,
"b6ecf83b-ccd8-4cb3-8975-b40119b3b2c9","D08","MAYF","MAYF.AOS.reach","2017-03-14T14:11Z","2017-11-19","MAYF.20170314.SNAG.1",,,"NEMSP","Y","Nematoda sp.",,"phylum","Nematoda",,,,,,,,,,,,,,,"sp.",,"larva",4,,1,100,1,"N","N","condition OK","Y",,"Thorp and Covich 2001","N","EcoAnalysts Inc.","C. Fishel",,
"e5a78254-311b-45fa-b99d-12b9db542125","D08","MAYF","MAYF.AOS.reach","2017-03-14T14:11Z","2017-10-26","MAYF.20170314.SNAG.3",,,"LUMSP2","Y","Lumbriculidae sp.",,"family","Annelida","Clitellata","Oligochaeta","Oligochaeta",,,"Lumbriculida",,,,"Lumbriculidae",,,,,"sp.",,"larva",2,,8,100,8,"N","N","condition OK","Y",,"Kathman and Brinkhurst 1999","N","EcoAnalysts Inc.","C. Fishel",,
"cfa62d70-8181-4957-82a7-3ef2644b442d","D08","MAYF","MAYF.AOS.reach","2017-03-14T14:11Z","2017-11-19","MAYF.20170314.SNAG.4",,,"CERSP10","Y","Ceratopogoninae sp.",,"subfamily","Arthropoda","Hexapoda","Insecta","Pterygota","Neoptera","Holometabola","Diptera","Nematocera","Culicomorpha",,"Ceratopogonidae","Ceratopogoninae",,,,"sp.",,"larva",2,,1,100,1,"Y","N","condition OK","Y",,"Merritt and Cummins 2008","N","EcoAnalysts Inc.","C. Fishel",,
"d608a058-89f1-450b-af62-37c1494d3009","D08","MAYF","MAYF.AOS.reach","2017-03-14T14:11Z","2017-06-09","MAYF.20170314.SNAG.2",,,"THISP2","Y","Thienemanniella sp.",,"genus","Arthropoda","Hexapoda","Insecta","Pterygota","Neoptera","Holometabola","Diptera","Nematocera","Culicomorpha",,"Chironomidae","Orthocladiinae",,,"Thienemanniella","sp.",,"larva",2,,3,100,3,"N","N","condition OK","Y",,"Epler 2001","N","EcoAnalysts Inc.","G. Wallace",,
"17b18c88-07b8-483a-8fdc-e621c4931399","D08","MAYF","MAYF.AOS.reach","2017-03-14T14:11Z","2017-11-19","MAYF.20170314.SNAG.4",,,"STESP6","Y","Stenelmis sp.",,"genus","Arthropoda","Hexapoda","Insecta","Pterygota","Neoptera","Holometabola","Coleoptera","Polyphaga","Elateriformia","Byrrhoidea","Elmidae","Elminae","Elmini",,"Stenelmis","sp.",,"larva",3,,4,100,4,"N","N","condition OK","Y",,"Merritt and Cummins 2008","N","EcoAnalysts Inc.","C. Fishel",,
"9e7919f9-b7d2-43e0-9d5b-5e89ca95952f","D08","MAYF","MAYF.AOS.reach","2017-03-14T14:11Z","2017-11-17","MAYF.20170314.SNAG.2",,,"MACSP11","Y","Maccaffertium sp.",,"genus","Arthropoda","Hexapoda","Insecta","Pterygota","Palaeoptera",,"Ephemeroptera","Pisciforma",,"Heptagenioidea","Heptageniidae",,,,"Maccaffertium","sp.",,"larva",2,,1,100,1,"N","N","condition OK","Y",,"Bednarik and McCafferty 1979","N","EcoAnalysts Inc.","C. Fishel",,
"5d7e9c41-bac3-4c6a-adc7-a1d15afb422c","D08","MAYF","MAYF.AOS.reach","2017-03-14T14:11Z","2017-06-09","MAYF.20170314.SNAG.4",,,"CRYSP2","Y","Cryptochironomus sp.",,"genus","Arthropoda","Hexapoda","Insecta","Pterygota","Neoptera","Holometabola","Diptera","Nematocera","Culicomorpha",,"Chironomidae","Chironominae","Chironomini",,"Cryptochironomus","sp.",,"larva",4,,1,100,1,"N","N","condition OK","Y",,"Epler 2001","N","EcoAnalysts Inc.","G. Wallace",,
"512306d9-3735-46aa-b6db-5d911f2f7210","D08","MAYF","MAYF.AOS.reach","2017-03-14T14:11Z","2017-11-19","MAYF.20170314.SNAG.2",,,"CERSP10","Y","Ceratopogoninae sp.",,"subfamily","Arthropoda","Hexapoda","Insecta","Pterygota","Neoptera","Holometabola","Diptera","Nematocera","Culicomorpha",,"Ceratopogonidae","Ceratopogoninae",,,,"sp.",,"larva",5,,1,100,1,"Y","Y","condition OK","Y",,"Merritt and Cummins 2008","N","EcoAnalysts Inc.","C. Fishel",,
"9e4dc7d9-e542-4904-80c0-3663a42f4469","D08","MAYF","MAYF.AOS.reach","2017-03-14T14:11Z","2017-06-09","MAYF.20170314.SNAG.5",,,"CORSP19","Y","Corynoneura sp.",,"genus","Arthropoda","Hexapoda","Insecta","Pterygota","Neoptera","Holometabola","Diptera","Nematocera","Culicomorpha",,"Chironomidae","Orthocladiinae",,,"Corynoneura","sp.",,"larva",2,,2,100,2,"N","N","condition OK","Y",,"Epler 2001","N","EcoAnalysts Inc.","G. Wallace",,
"ea3188ee-b9fb-4451-bbfd-2be62463f663","D08","MAYF","MAYF.AOS.reach","2017-03-14T14:11Z","2017-10-26","MAYF.20170314.SNAG.3",,,"LUMSP2","Y","Lumbriculidae sp.",,"family","Annelida","Clitellata","Oligochaeta","Oligochaeta",,,"Lumbriculida",,,,"Lumbriculidae",,,,,"sp.",,"larva",1,,1,100,1,"N","N","condition OK","Y",,"Kathman and Brinkhurst 1999","N","EcoAnalysts Inc.","C. Fishel",,
"0e2a9d78-afd2-4fb7-9db4-5551beddde2c","D08","MAYF","MAYF.AOS.reach","2017-03-14T14:11Z","2017-06-09","MAYF.20170314.SNAG.1",,,"TANSP11","Y","Tanytarsus sp.",,"genus","Arthropoda","Hexapoda","Insecta","Pterygota","Neoptera","Holometabola","Diptera","Nematocera","Culicomorpha",,"Chironomidae","Chironominae","Tanytarsini",,"Tanytarsus","sp.",,"larva",2,,1,100,1,"N","N","condition OK","Y",,"Epler 2001","N","EcoAnalysts Inc.","G. Wallace",,
"fb14245f-9fb4-4f7d-9947-2d59feb48c27","D08","MAYF","MAYF.AOS.reach","2017-03-14T14:11Z","2017-11-01","MAYF.20170314.SNAG.3",,,"ENCSP1","Y","Enchytraeidae sp.",,"family","Annelida","Clitellata","Oligochaeta","Oligochaeta",,,"Enchytraeida",,,,"Enchytraeidae",,,,,"sp.",,"larva",2,,11,100,11,"N","N","condition OK","Y",,"Kathman and Brinkhurst 1999","N","EcoAnalysts Inc.","C. Fishel",,
"97443bde-9b01-43a5-86e9-309f91ffa61a","D08","MAYF","MAYF.AOS.reach","2017-03-14T14:11Z","2017-11-19","MAYF.20170314.SNAG.4",,,"ATUSP","Y","Aturidae sp.",,"family","Arthropoda","Chelicerata","Arachnida","Acari",,"Acariformes","Trombidiformes","Prostigmata",,"Hygrobatoidea","Aturidae",,,,,"sp.",,"larva",1,,11,100,11,"Y","N","condition OK","Y",,"Thorp and Covich 2001","N","EcoAnalysts Inc.","C. Fishel",,
"ff4538c6-beb9-4198-83d4-8ed0b4ae97f0","D08","MAYF","MAYF.AOS.reach","2017-03-14T14:11Z","2017-06-09","MAYF.20170314.CORE.1",,,"POLHAL","Y","Polypedilum halterale gr.",,"speciesGroup","Arthropoda","Hexapoda","Insecta","Pterygota","Neoptera","Holometabola","Diptera","Nematocera","Culicomorpha",,"Chironomidae","Chironominae","Chironomini",,"Polypedilum","halterale gr.",,"larva",4,,1,100,1,"N","N","condition OK","Y",,"Epler 2001; Maschwitz and Cook 2000","N","EcoAnalysts Inc.","G. Wallace",,
"103f485c-e8ac-4a98-8d45-b7b389b06a6b","D08","MAYF","MAYF.AOS.reach","2017-03-14T14:11Z","2017-11-01","MAYF.20170314.SNAG.5",,,"NAISP","Y","Naididae sp.","tubificoid Naididae w/o cap setae","family","Annelida","Clitellata","Oligochaeta","Oligochaeta",,,"Tubificida",,,,"Naididae",,,,,"sp.",,"larva",12,,1,100,1,"N","N","condition OK","Y",,"Kathman and Brinkhurst 1998","N","EcoAnalysts Inc.","C. Fishel",,
"7d34db50-4cf1-4a75-8707-a1cbb0811033","D08","MAYF","MAYF.AOS.reach","2017-03-14T14:11Z","2017-11-19","MAYF.20170314.SNAG.1",,,"BRASP3","Y","Brachycera sp.",,"suborder","Arthropoda","Hexapoda","Insecta","Pterygota","Neoptera","Holometabola","Diptera","Brachycera",,,,,,,,"sp.",,"larva",1,,12,100,12,"N","Y","condition OK","Y",,"Merritt and Cummins 2008","N","EcoAnalysts Inc.","C. Fishel",,
"4993fe7c-39d7-4641-8eef-e89d9218b876","D08","MAYF","MAYF.AOS.reach","2017-03-14T14:11Z","2017-10-26","MAYF.20170314.SNAG.3",,,"LUMSP2","Y","Lumbriculidae sp.",,"family","Annelida","Clitellata","Oligochaeta","Oligochaeta",,,"Lumbriculida",,,,"Lumbriculidae",,,,,"sp.",,"larva",4,,2,100,2,"N","N","condition OK","Y",,"Kathman and Brinkhurst 1999","N","EcoAnalysts Inc.","C. Fishel",,
"1a8f4646-e3d1-412e-8857-072d25da84ab","D08","MAYF","MAYF.AOS.reach","2017-03-14T14:11Z","2017-11-20","MAYF.20170314.SNAG.5",,,"TORSP6","Y","Torrenticola sp.",,"genus","Arthropoda","Chelicerata","Arachnida","Acari",,"Acariformes","Trombidiformes","Prostigmata",,"Lebertioidea","Torrenticolidae",,,,"Torrenticola","sp.",,"larva",1,,1,100,1,"N","N","condition OK","Y",,"Thorp and Covich 2001","N","EcoAnalysts Inc.","C. Fishel",,
"81a91905-f48a-40c6-8b0e-398357e0d753","D08","MAYF","MAYF.AOS.reach","2017-03-14T14:11Z","2017-11-01","MAYF.20170314.SNAG.3",,,"NAISP","Y","Naididae sp.","tubificoid Naididae w/ cap setae","family","Annelida","Clitellata","Oligochaeta","Oligochaeta",,,"Tubificida",,,,"Naididae",,,,,"sp.",,"larva",4,,1,100,1,"N","N","condition OK","Y",,"Kathman and Brinkhurst 1999","N","EcoAnalysts Inc.","C. Fishel",,
"503990f1-ecf3-4b3f-909c-115a90cfdae0","D08","MAYF","MAYF.AOS.reach","2017-03-14T14:11Z","2017-11-19","MAYF.20170314.SNAG.4",,,"ANCVAR1","Y","Ancyronyx variegata",,"species","Arthropoda","Hexapoda","Insecta","Pterygota","Neoptera","Holometabola","Coleoptera","Polyphaga","Elateriformia","Byrrhoidea","Elmidae","Elminae","Ancyronychini",,"Ancyronyx","variegata",,"larva",2,,1,100,1,"N","N","condition OK","Y",,"Brown and White 1978","N","EcoAnalysts Inc.","C. Fishel",,
"94556cde-5b10-4fd2-86be-82f8024f017f","D08","MAYF","MAYF.AOS.reach","2017-03-14T14:11Z","2017-11-19","MAYF.20170314.SNAG.4",,,"LEUSP2","Y","Leuctridae sp.",,"family","Arthropoda","Hexapoda","Insecta","Pterygota","Neoptera","Polyneoptera","Plecoptera","Euholognatha",,,"Leuctridae",,,,,"sp.",,"larva",1,,1,100,1,"Y","N","condition OK","Y",,"Stewart and Stark 2003","N","EcoAnalysts Inc.","C. Fishel",,
"5a8775db-515e-4c57-bc9a-f04fa2380d3b","D08","MAYF","MAYF.AOS.reach","2017-03-14T14:11Z","2017-06-09","MAYF.20170314.SNAG.4",,,"NILFIM","Y","Nilotanypus fimbriatus",,"species","Arthropoda","Hexapoda","Insecta","Pterygota","Neoptera","Holometabola","Diptera","Nematocera","Culicomorpha",,"Chironomidae","Tanypodinae","Pentaneurini",,"Nilotanypus","fimbriatus",,"larva",3,,1,100,1,"N","N","condition OK","Y",,"Epler 2001","N","EcoAnalysts Inc.","G. Wallace",,
"061c0f2d-bc25-409c-9cb3-14df724a55ba","D08","MAYF","MAYF.AOS.reach","2017-03-14T14:11Z","2017-11-20","MAYF.20170314.SNAG.5",,,"PERSP6","Y","Perlesta sp.",,"genus","Arthropoda","Hexapoda","Insecta","Pterygota","Neoptera","Polyneoptera","Plecoptera","Systellognatha",,,"Perlidae","Acroneuriinae","Acroneuriini",,"Perlesta","sp.",,"larva",3,,2,100,2,"N","N","condition OK","Y",,"Stewart and Stark 2003","N","EcoAnalysts Inc.","C. Fishel",,
"5d44c383-b5f5-4fbf-814e-24a6aebc9da7","D08","MAYF","MAYF.AOS.reach","2017-03-14T14:11Z","2017-11-15","MAYF.20170314.SNAG.3",,,"CERSP10","Y","Ceratopogoninae sp.",,"subfamily","Arthropoda","Hexapoda","Insecta","Pterygota","Neoptera","Holometabola","Diptera","Nematocera","Culicomorpha",,"Ceratopogonidae","Ceratopogoninae",,,,"sp.",,"larva",1,,2,100,2,"N","N","condition OK","Y",,"Merritt and Cummins 2008","N","EcoAnalysts Inc.","C. Fishel",,
"8b594143-6363-48a8-9a0c-d31d3c0e266c","D08","MAYF","MAYF.AOS.reach","2017-03-14T14:11Z","2017-06-09","MAYF.20170314.SNAG.5",,,"THIGRO","Y","Thienemannimyia gr.",,"speciesGroup","Arthropoda","Hexapoda","Insecta","Pterygota","Neoptera","Holometabola","Diptera","Nematocera","Culicomorpha",,"Chironomidae","Tanypodinae","Pentaneurini",,"Thienemannimyia","gr.",,"larva",1,,3,100,3,"N","N","condition OK","Y",,"Epler 2001","N","EcoAnalysts Inc.","G. Wallace",,
"63dc5b4f-94ae-44dc-948e-f793c29d4c6e","D08","MAYF","MAYF.AOS.reach","2017-03-14T14:11Z","2017-11-01","MAYF.20170314.SNAG.5",,,"LUMSP2","Y","Lumbriculidae sp.",,"family","Annelida","Clitellata","Oligochaeta","Oligochaeta",,,"Lumbriculida",,,,"Lumbriculidae",,,,,"sp.",,"larva",1,,1,100,1,"N","N","condition OK","Y",,"Kathman and Brinkhurst 1999","N","EcoAnalysts Inc.","C. Fishel",,
"a3dae7f0-5a3a-44aa-b874-c0210bfb0f8f","D08","MAYF","MAYF.AOS.reach","2017-03-14T14:11Z","2017-11-19","MAYF.20170314.SNAG.1",,,"CERSP10","Y","Ceratopogoninae sp.",,"subfamily","Arthropoda","Hexapoda","Insecta","Pterygota","Neoptera","Holometabola","Diptera","Nematocera","Culicomorpha",,"Ceratopogonidae","Ceratopogoninae",,,,"sp.",,"larva",2,,4,100,4,"Y","N","condition OK","Y",,"Merritt and Cummins 2008","N","EcoAnalysts Inc.","C. Fishel",,
"8a7beb3d-c9e8-4232-9cf0-4b589d30f715","D08","MAYF","MAYF.AOS.reach","2017-03-14T14:11Z","2017-06-09","MAYF.20170314.SNAG.3",,,"PARSP33","Y","Paratendipes sp.",,"genus","Arthropoda","Hexapoda","Insecta","Pterygota","Neoptera","Holometabola","Diptera","Nematocera","Culicomorpha",,"Chironomidae","Chironominae","Chironomini",,"Paratendipes","sp.",,"larva",2,,2,100,2,"N","N","condition OK","Y",,"Epler 2001; Maschwitz and Cook 2000","N","EcoAnalysts Inc.","G. Wallace",,
"0be31465-ca6a-4eab-931a-86e26ed32e62","D08","MAYF","MAYF.AOS.reach","2017-03-14T14:11Z","2017-06-09","MAYF.20170314.CORE.2",,,"TANSP11","Y","Tanytarsus sp.",,"genus","Arthropoda","Hexapoda","Insecta","Pterygota","Neoptera","Holometabola","Diptera","Nematocera","Culicomorpha",,"Chironomidae","Chironominae","Tanytarsini",,"Tanytarsus","sp.",,"larva",2,,1,100,1,"N","N","condition OK","Y",,"Epler 2001","N","EcoAnalysts Inc.","G. Wallace",,
"80a08f9b-88f2-4471-91e8-79f80b770407","D08","MAYF","MAYF.AOS.reach","2017-03-14T14:11Z","2017-06-09","MAYF.20170314.SNAG.5",,,"PARSP26","Y","Parametriocnemus sp.",,"genus","Arthropoda","Hexapoda","Insecta","Pterygota","Neoptera","Holometabola","Diptera","Nematocera","Culicomorpha",,"Chironomidae","Orthocladiinae",,,"Parametriocnemus","sp.",,"larva",3,,1,100,1,"N","N","condition OK","Y",,"Epler 2001","N","EcoAnalysts Inc.","G. Wallace",,
"6cd3e969-d366-4f84-8cbd-b2cff8b19ced","D08","MAYF","MAYF.AOS.reach","2017-03-14T14:11Z","2017-06-09","MAYF.20170314.SNAG.1",,,"RHESP1","Y","Rheocricotopus sp.",,"genus","Arthropoda","Hexapoda","Insecta","Pterygota","Neoptera","Holometabola","Diptera","Nematocera","Culicomorpha",,"Chironomidae","Orthocladiinae",,,"Rheocricotopus","sp.",,"larva",2,,1,100,1,"N","N","condition OK","Y",,"Epler 2001","N","EcoAnalysts Inc.","G. Wallace",,
"5f2d4a9b-6cfa-46c8-aa54-e1725e40ef71","D08","MAYF","MAYF.AOS.reach","2017-03-14T14:11Z","2017-06-09","MAYF.20170314.SNAG.4",,,"PENSP6","Y","Pentaneurini sp.",,"tribe","Arthropoda","Hexapoda","Insecta","Pterygota","Neoptera","Holometabola","Diptera","Nematocera","Culicomorpha",,"Chironomidae","Tanypodinae","Pentaneurini",,,"sp.",,"larva",1,,2,100,2,"Y","N","condition OK","N",,"Epler 2001","N","EcoAnalysts Inc.","G. Wallace",,
"b899b486-eb0c-4b41-aea2-15b3025a63e0","D08","MAYF","MAYF.AOS.reach","2017-03-14T14:11Z","2017-06-09","MAYF.20170314.SNAG.2",,,"THISP2","Y","Thienemanniella sp.",,"genus","Arthropoda","Hexapoda","Insecta","Pterygota","Neoptera","Holometabola","Diptera","Nematocera","Culicomorpha",,"Chironomidae","Orthocladiinae",,,"Thienemanniella","sp.",,"larva",1,,1,100,1,"N","N","condition OK","Y",,"Epler 2001","N","EcoAnalysts Inc.","G. Wallace",,
"35be3da0-5b5d-4a17-bdef-de5511d19ceb","D08","MAYF","MAYF.AOS.reach","2017-03-14T14:11Z","2017-11-01","MAYF.20170314.SNAG.2",,,"ENCSP1","Y","Enchytraeidae sp.",,"family","Annelida","Clitellata","Oligochaeta","Oligochaeta",,,"Enchytraeida",,,,"Enchytraeidae",,,,,"sp.",,"larva",5,,4,100,4,"N","N","condition OK","Y",,"Kathman and Brinkhurst 1999","N","EcoAnalysts Inc.","C. Fishel",,
"04e41f75-75e7-4c30-b4db-0af06ba9a4af","D08","MAYF","MAYF.AOS.reach","2017-03-14T14:11Z","2017-11-15","MAYF.20170314.SNAG.3",,,"ERISP11","Y","Eriopterini sp.",,"tribe","Arthropoda","Hexapoda","Insecta","Pterygota","Neoptera","Holometabola","Diptera","Nematocera","Tipulomorpha",,"Tipulidae","Limoniinae","Eriopterini sp.",,,"sp.",,"larva",2,,2,100,2,"Y","N","condition OK","Y",,"Merritt and Cummins 2008","N","EcoAnalysts Inc.","C. Fishel",,
"4c5e6d62-b1f1-4b17-826f-ef1befeb22f1","D08","MAYF","MAYF.AOS.reach","2017-03-14T14:11Z","2017-06-09","MAYF.20170314.SNAG.5",,,"CHISP6","Y","Chironomini sp.",,"tribe","Arthropoda","Hexapoda","Insecta","Pterygota","Neoptera","Holometabola","Diptera","Nematocera","Culicomorpha",,"Chironomidae","Chironominae","Chironomini",,,"sp.",,"larva",1,,1,100,1,"Y","N","condition OK","N",,"Epler 2001","N","EcoAnalysts Inc.","G. Wallace",,
"cd072e82-8bbe-47fb-aa53-5cb1a2690e60","D08","MAYF","MAYF.AOS.reach","2017-03-14T14:11Z","2017-06-09","MAYF.20170314.SNAG.5",,,"POLSCA","Y","Polypedilum scalaenum gr.",,"speciesGroup","Arthropoda","Hexapoda","Insecta","Pterygota","Neoptera","Holometabola","Diptera","Nematocera","Culicomorpha",,"Chironomidae","Chironominae","Chironomini",,"Polypedilum","scalaenum gr.",,"larva",1,,3,100,3,"N","N","condition OK","Y",,"Epler 2001; Maschwitz and Cook 2000","N","EcoAnalysts Inc.","G. Wallace",,
"a7b8d94f-71be-4b85-be39-2f0e19a9861a","D08","MAYF","MAYF.AOS.reach","2017-03-14T14:11Z","2017-11-01","MAYF.20170314.SNAG.3",,,"NAISP","Y","Naididae sp.","tubificoid Naididae w/ cap setae","family","Annelida","Clitellata","Oligochaeta","Oligochaeta",,,"Tubificida",,,,"Naididae",,,,,"sp.",,"larva",7,,1,100,1,"N","N","condition OK","Y",,"Kathman and Brinkhurst 1999","N","EcoAnalysts Inc.","C. Fishel",,
"82d15d9f-d058-4091-b988-ac23231db293","D08","MAYF","MAYF.AOS.reach","2017-03-14T14:11Z","2017-06-09","MAYF.20170314.SNAG.1",,,"PSESP16","Y","Pseudorthocladius sp.",,"genus","Arthropoda","Hexapoda","Insecta","Pterygota","Neoptera","Holometabola","Diptera","Nematocera","Culicomorpha",,"Chironomidae","Orthocladiinae",,,"Pseudorthocladius","sp.",,"larva",4,,1,100,1,"N","N","condition OK","Y",,"Epler 2001; Maschwitz and Cook 2000","N","EcoAnalysts Inc.","G. Wallace",,
"c4391306-6a47-4c6c-8d75-539308b3a542","D08","MAYF","MAYF.AOS.reach","2017-03-14T14:11Z","2017-06-09","MAYF.20170314.SNAG.2",,,"CORSP19","Y","Corynoneura sp.",,"genus","Arthropoda","Hexapoda","Insecta","Pterygota","Neoptera","Holometabola","Diptera","Nematocera","Culicomorpha",,"Chironomidae","Orthocladiinae",,,"Corynoneura","sp.",,"larva",2,,1,100,1,"N","N","condition OK","Y",,"Epler 2001","N","EcoAnalysts Inc.","G. Wallace",,
"356978b6-b481-48d5-94a3-4eded8bc2081","D08","MAYF","MAYF.AOS.reach","2017-03-14T14:11Z","2017-06-09","MAYF.20170314.SNAG.4",,,"STEPER","Y","Stelechomyia perpulchra",,"species","Arthropoda","Hexapoda","Insecta","Pterygota","Neoptera","Holometabola","Diptera","Nematocera","Culicomorpha",,"Chironomidae","Chironominae","Chironomini",,"Stelechomyia","perpulchra",,"larva",1,,1,100,1,"N","N","condition OK","Y",,"Epler 2001; Maschwitz and Cook 2000","N","EcoAnalysts Inc.","G. Wallace",,
"00475d77-9eb4-474f-8331-5efe7993b31c","D08","MAYF","MAYF.AOS.reach","2017-03-14T14:11Z","2017-06-09","MAYF.20170314.SNAG.4",,,"ORTSP1","Y","Orthocladiinae sp.",,"subfamily","Arthropoda","Hexapoda","Insecta","Pterygota","Neoptera","Holometabola","Diptera","Nematocera","Culicomorpha",,"Chironomidae","Orthocladiinae",,,,"sp.",,"larva",1,,1,100,1,"Y","N","condition OK","N",,"Epler 2001","N","EcoAnalysts Inc.","G. Wallace",,
"9425c1f6-e2e5-4c18-9034-c2913ec325cd","D08","MAYF","MAYF.AOS.reach","2017-03-14T14:11Z","2017-06-09","MAYF.20170314.SNAG.5",,,"POLEPL","Y","Polypedilum epleri",,"species","Arthropoda","Hexapoda","Insecta",,,,"Diptera","Nematocera",,,"Chironomidae","Chironominae","Chironomini",,"Polypedilum","epleri",,"larva",3,,2,100,2,"N","N","condition OK","Y",,"Epler 2001; Maschwitz and Cook 2000","N","EcoAnalysts Inc.","G. Wallace",,
"e897961b-bfd3-47fe-a299-f622e7f5db2c","D08","MAYF","MAYF.AOS.reach","2017-03-14T14:11Z","2017-11-01","MAYF.20170314.SNAG.2",,,"ENCSP1","Y","Enchytraeidae sp.",,"family","Annelida","Clitellata","Oligochaeta","Oligochaeta",,,"Enchytraeida",,,,"Enchytraeidae",,,,,"sp.",,"larva",2,,11,100,11,"N","N","condition OK","Y",,"Kathman and Brinkhurst 1999","N","EcoAnalysts Inc.","C. Fishel",,
"1b72dd83-6cfb-4484-81eb-7a10f31d9cd8","D08","MAYF","MAYF.AOS.reach","2017-03-14T14:11Z","2017-11-17","MAYF.20170314.SNAG.2",,,"BRASP3","Y","Brachycera sp.",,"suborder","Arthropoda","Hexapoda","Insecta","Pterygota","Neoptera","Holometabola","Diptera","Brachycera",,,,,,,,"sp.",,"larva",1,,9,100,9,"Y","N","condition OK","Y",,"Merritt and Cummins 2008","N","EcoAnalysts Inc.","C. Fishel",,
"7d80e589-ea99-4311-89a7-441de8edcc90","D08","MAYF","MAYF.AOS.reach","2017-03-14T14:11Z","2017-06-09","MAYF.20170314.SNAG.5",,,"TANSP11","Y","Tanytarsus sp.",,"genus","Arthropoda","Hexapoda","Insecta","Pterygota","Neoptera","Holometabola","Diptera","Nematocera","Culicomorpha",,"Chironomidae","Chironominae","Tanytarsini",,"Tanytarsus","sp.",,"larva",2,,4,100,4,"N","N","condition OK","Y",,"Epler 2001","N","EcoAnalysts Inc.","G. Wallace",,
"9c4a0c2e-9668-434f-a526-09acc7891b47","D08","MAYF","MAYF.AOS.reach","2017-03-14T14:11Z","2017-11-19","MAYF.20170314.SNAG.4",,,"TORSP6","Y","Torrenticola sp.",,"genus","Arthropoda","Chelicerata","Arachnida","Acari",,"Acariformes","Trombidiformes","Prostigmata",,"Lebertioidea","Torrenticolidae",,,,"Torrenticola","sp.",,"larva",1,,17,100,17,"N","N","condition OK","Y",,"Thorp and Covich 2001","N","EcoAnalysts Inc.","C. Fishel",,
"e28eda4f-5a34-4d8f-a33d-8c2c980cd6e9","D08","MAYF","MAYF.AOS.reach","2017-03-14T14:11Z","2017-11-01","MAYF.20170314.SNAG.3",,,"ENCSP1","Y","Enchytraeidae sp.",,"family","Annelida","Clitellata","Oligochaeta","Oligochaeta",,,"Enchytraeida",,,,"Enchytraeidae",,,,,"sp.",,"larva",4,,2,100,2,"N","N","condition OK","Y",,"Kathman and Brinkhurst 1999","N","EcoAnalysts Inc.","C. Fishel",,
"c1e431d0-d277-46d3-97e5-3319b7894a7b","D08","MAYF","MAYF.AOS.reach","2017-03-14T14:11Z","2017-11-20","MAYF.20170314.SNAG.5",,,"BEZSP1","Y","Bezzia/Palpomyia sp.",,"speciesGroup","Arthropoda","Hexapoda","Insecta","Pterygota","Neoptera","Holometabola","Diptera","Nematocera","Culicomorpha",,"Ceratopogonidae","Ceratopogoninae","Palpomyiini",,"Bezzia/Palpomyia","sp.",,"larva",3,,1,100,1,"N","N","condition OK","Y",,"Merritt and Cummins 2008","N","EcoAnalysts Inc.","C. Fishel",,
"39c6f34b-3453-476a-b325-cf93b88ce111","D08","MAYF","MAYF.AOS.reach","2017-03-14T14:11Z","2017-06-09","MAYF.20170314.SNAG.5",,,"CORSP19","Y","Corynoneura sp.",,"genus","Arthropoda","Hexapoda","Insecta","Pterygota","Neoptera","Holometabola","Diptera","Nematocera","Culicomorpha",,"Chironomidae","Orthocladiinae",,,"Corynoneura","sp.",,"larva",1,,1,100,1,"N","N","condition OK","Y",,"Epler 2001","N","EcoAnalysts Inc.","G. Wallace",,
"56b75482-048e-4f90-95bd-af53fd9cd7a6","D08","MAYF","MAYF.AOS.reach","2017-03-14T14:11Z","2017-06-09","MAYF.20170314.SNAG.4",,,"RHESP4","Y","Rheosmittia sp.",,"genus","Arthropoda","Hexapoda","Insecta","Pterygota","Neoptera","Holometabola","Diptera","Nematocera","Culicomorpha",,"Chironomidae","Orthocladiinae",,,"Rheosmittia","sp.",,"larva",2,,1,100,1,"N","N","condition OK","Y",,"Epler 2001; Maschwitz and Cook 2000","N","EcoAnalysts Inc.","G. Wallace",,
"019dcfe4-86b1-4d47-82cd-2a80d8b8593f","D08","MAYF","MAYF.AOS.reach","2017-03-14T14:11Z","2017-11-01","MAYF.20170314.SNAG.2",,,"ENCSP1","Y","Enchytraeidae sp.",,"family","Annelida","Clitellata","Oligochaeta","Oligochaeta",,,"Enchytraeida",,,,"Enchytraeidae",,,,,"sp.",,"larva",1,,1,100,1,"N","N","condition OK","Y",,"Kathman and Brinkhurst 1999","N","EcoAnalysts Inc.","C. Fishel",,
"608bfcba-75ab-417f-a6f9-efa3f4927241","D08","MAYF","MAYF.AOS.reach","2017-03-14T14:11Z","2017-11-20","MAYF.20170314.SNAG.5",,,"PERSP6","Y","Perlesta sp.",,"genus","Arthropoda","Hexapoda","Insecta","Pterygota","Neoptera","Polyneoptera","Plecoptera","Systellognatha",,,"Perlidae","Acroneuriinae","Acroneuriini",,"Perlesta","sp.",,"larva",1,,3,100,3,"N","N","condition OK","Y",,"Stewart and Stark 2003","N","EcoAnalysts Inc.","C. Fishel",,
"4c048e41-9e74-4094-8151-46182f975256","D08","MAYF","MAYF.AOS.reach","2017-03-14T14:11Z","2017-06-09","MAYF.20170314.SNAG.5",,,"THIGRO","Y","Thienemannimyia gr.",,"speciesGroup","Arthropoda","Hexapoda","Insecta","Pterygota","Neoptera","Holometabola","Diptera","Nematocera","Culicomorpha",,"Chironomidae","Tanypodinae","Pentaneurini",,"Thienemannimyia","gr.",,"larva",3,,2,100,2,"N","N","condition OK","Y",,"Epler 2001","N","EcoAnalysts Inc.","G. Wallace",,
"5d08880c-527e-437a-80b3-75b6d030ece2","D08","MAYF","MAYF.AOS.reach","2017-03-14T14:11Z","2017-06-09","MAYF.20170314.SNAG.2",,,"POLILL","Y","Polypedilum illinoense gr.",,"speciesGroup","Arthropoda","Hexapoda","Insecta","Pterygota","Neoptera","Holometabola","Diptera","Nematocera","Culicomorpha",,"Chironomidae","Chironominae","Chironomini",,"Polypedilum","illinoense gr.",,"larva",1,,1,100,1,"N","N","condition OK","Y",,"Epler 2001; Maschwitz and Cook 2000","N","EcoAnalysts Inc.","G. Wallace",,
"2d343354-1ed6-44df-a10d-c1ba19c72a45","D08","MAYF","MAYF.AOS.reach","2017-03-14T14:11Z","2017-11-19","MAYF.20170314.SNAG.4",,,"OECSP","Y","Oecetis sp.",,"genus","Arthropoda","Hexapoda","Insecta","Pterygota","Neoptera","Holometabola","Trichoptera",,,"Leptoceroidea","Leptoceridae","Leptocerinae","Oecetini",,"Oecetis","sp.",,"larva",1,,2,100,2,"Y","N","condition OK","Y",,"Wiggins 1996","N","EcoAnalysts Inc.","C. Fishel",,
"50206eca-1faf-496e-b512-2a6c468b7509","D08","MAYF","MAYF.AOS.reach","2017-03-14T14:11Z","2017-11-15","MAYF.20170314.SNAG.3",,,"LIMSP22","Y","Limonia sp.",,"genus","Arthropoda","Hexapoda","Insecta","Pterygota","Neoptera","Holometabola","Diptera","Nematocera","Tipulomorpha",,"Tipulidae","Limoniinae","Limoniini",,"Limonia","sp.",,"larva",7,,1,100,1,"N","N","condition OK","Y",,"Merritt and Cummins 2008","N","EcoAnalysts Inc.","C. Fishel",,
"32c6ecfa-a7f5-471c-9ffe-207d68f05718","D08","MAYF","MAYF.AOS.reach","2017-03-14T14:11Z","2017-11-01","MAYF.20170314.SNAG.4",,,"ENCSP1","Y","Enchytraeidae sp.",,"family","Annelida","Clitellata","Oligochaeta","Oligochaeta",,,"Enchytraeida",,,,"Enchytraeidae",,,,,"sp.",,"larva",4,,1,100,1,"N","N","condition OK","Y",,"Kathman and Brinkhurst 1999","N","EcoAnalysts Inc.","C. Fishel",,
"44993e6d-80b8-4552-abbd-6765d7d4b27d","D08","MAYF","MAYF.AOS.reach","2017-03-14T14:11Z","2017-11-01","MAYF.20170314.SNAG.3",,,"ENCSP1","Y","Enchytraeidae sp.",,"family","Annelida","Clitellata","Oligochaeta","Oligochaeta",,,"Enchytraeida",,,,"Enchytraeidae",,,,,"sp.",,"larva",1,,8,100,8,"N","N","condition OK","Y",,"Kathman and Brinkhurst 1999","N","EcoAnalysts Inc.","C. Fishel",,
"424d3a04-3f17-41e9-a212-2727d6004774","D08","MAYF","MAYF.AOS.reach","2017-03-14T14:11Z","2017-06-09","MAYF.20170314.SNAG.4",,,"THISP2","Y","Thienemanniella sp.",,"genus","Arthropoda","Hexapoda","Insecta","Pterygota","Neoptera","Holometabola","Diptera","Nematocera","Culicomorpha",,"Chironomidae","Orthocladiinae",,,"Thienemanniella","sp.",,"pupa",1,,1,100,1,"N","N","condition OK","Y",,"Epler 2001","N","EcoAnalysts Inc.","G. Wallace",,
"654d514a-7ccd-4b1a-a772-31667b7406a2","D08","MAYF","MAYF.AOS.reach","2017-03-14T14:11Z","2017-06-09","MAYF.20170314.SNAG.3",,,"NANSP1","Y","Nanocladius sp.",,"genus","Arthropoda","Hexapoda","Insecta","Pterygota","Neoptera","Holometabola","Diptera","Nematocera","Culicomorpha",,"Chironomidae","Orthocladiinae",,,"Nanocladius","sp.",,"larva",3,,1,100,1,"N","N","condition OK","Y",,"Epler 2001; Maschwitz and Cook 2000","N","EcoAnalysts Inc.","G. Wallace",,
"bdbc75e1-883b-4354-bdf2-336b00af1489","D08","MAYF","MAYF.AOS.reach","2017-03-14T14:11Z","2017-06-09","MAYF.20170314.SNAG.5",,,"CRISP6","Y","Cricotopus/Orthocladius sp.",,"speciesGroup","Arthropoda","Hexapoda","Insecta","Pterygota","Neoptera","Holometabola","Diptera","Nematocera","Culicomorpha",,"Chironomidae","Orthocladiinae",,,"Cricotopus/Orthocladius","sp.",,"larva",5,,2,100,2,"N","N","condition OK","Y",,"Epler 2001; Maschwitz and Cook 2000","N","EcoAnalysts Inc.","G. Wallace",,
"6c20b8b7-416b-4aa7-89c0-b57899efec26","D08","MAYF","MAYF.AOS.reach","2017-03-14T14:11Z","2017-11-15","MAYF.20170314.SNAG.3",,,"DASSP2","Y","Dasyhelea sp.",,"genus","Arthropoda","Hexapoda","Insecta","Pterygota","Neoptera","Holometabola","Diptera","Nematocera","Culicomorpha",,"Ceratopogonidae","Dasyheleinae",,,"Dasyhelea","sp.",,"larva",2,,1,100,1,"N","N","condition OK","Y",,"Merritt and Cummins 2008","N","EcoAnalysts Inc.","C. Fishel",,
"b7420ae9-4e49-4ee7-865d-d5f959c1cd25","D08","MAYF","MAYF.AOS.reach","2017-03-14T14:11Z","2017-06-09","MAYF.20170314.SNAG.5",,,"CORSP19","Y","Corynoneura sp.",,"genus","Arthropoda","Hexapoda","Insecta","Pterygota","Neoptera","Holometabola","Diptera","Nematocera","Culicomorpha",,"Chironomidae","Orthocladiinae",,,"Corynoneura","sp.",,"larva",3,,2,100,2,"N","N","condition OK","Y",,"Epler 2001","N","EcoAnalysts Inc.","G. Wallace",,
"9d993c9f-9515-4ce9-a585-0ec50f3627cf","D08","MAYF","MAYF.AOS.reach","2017-03-14T14:11Z","2017-06-09","MAYF.20170314.SNAG.5",,,"POLEPL","Y","Polypedilum epleri",,"species","Arthropoda","Hexapoda","Insecta",,,,"Diptera","Nematocera",,,"Chironomidae","Chironominae","Chironomini",,"Polypedilum","epleri",,"larva",2,,4,100,4,"N","N","condition OK","Y",,"Epler 2001; Maschwitz and Cook 2000","N","EcoAnalysts Inc.","G. Wallace",,
"91abdcd2-9177-4c8b-911f-cddb581087e0","D08","MAYF","MAYF.AOS.reach","2017-03-14T14:11Z","2017-06-09","MAYF.20170314.SNAG.5",,,"THIGRO","Y","Thienemannimyia gr.",,"speciesGroup","Arthropoda","Hexapoda","Insecta","Pterygota","Neoptera","Holometabola","Diptera","Nematocera","Culicomorpha",,"Chironomidae","Tanypodinae","Pentaneurini",,"Thienemannimyia","gr.",,"larva",5,,2,100,2,"N","N","condition OK","Y",,"Epler 2001","N","EcoAnalysts Inc.","G. Wallace",,
"0f4b7e11-3ab8-4072-b8fd-6144d172e796","D08","MAYF","MAYF.AOS.reach","2017-03-14T14:11Z","2017-06-09","MAYF.20170314.SNAG.5",,,"THISP2","Y","Thienemanniella sp.",,"genus","Arthropoda","Hexapoda","Insecta","Pterygota","Neoptera","Holometabola","Diptera","Nematocera","Culicomorpha",,"Chironomidae","Orthocladiinae",,,"Thienemanniella","sp.",,"larva",2,,10,100,10,"N","N","condition OK","Y",,"Epler 2001","N","EcoAnalysts Inc.","G. Wallace",,
"13dd6da1-3002-42c1-8fff-f918447da5ad","D08","MAYF","MAYF.AOS.reach","2017-03-14T14:11Z","2017-11-01","MAYF.20170314.SNAG.1",,,"MEGSP3","Y","Megascolecidae sp.",,"family","Annelida","Clitellata","Oligochaeta","Oligochaeta",,"Metagynophora","Opisthopora","Crassiclitellata",,"Megascolecoidea","Megascolecidae",,,,,"sp.",,"larva",12,,2,100,2,"N","N","condition OK","Y",,"Kathman and Brinkhurst 1998","N","EcoAnalysts Inc.","C. Fishel",,
"4f38d38b-9242-4f06-a3fc-0be708adcc67","D08","MAYF","MAYF.AOS.reach","2017-03-14T14:11Z","2017-11-20","MAYF.20170314.SNAG.5",,,"BEZSP1","Y","Bezzia/Palpomyia sp.",,"speciesGroup","Arthropoda","Hexapoda","Insecta","Pterygota","Neoptera","Holometabola","Diptera","Nematocera","Culicomorpha",,"Ceratopogonidae","Ceratopogoninae","Palpomyiini",,"Bezzia/Palpomyia","sp.",,"larva",5,,1,100,1,"N","N","condition OK","Y",,"Merritt and Cummins 2008","N","EcoAnalysts Inc.","C. Fishel",,
"afe5e944-d9ed-4ce9-bcc7-f4a9d7ec35a8","D08","MAYF","MAYF.AOS.reach","2017-03-14T14:11Z","2017-11-17","MAYF.20170314.SNAG.2",,,"ANIPYR","Y","Anisocentropus pyraloides",,"species","Arthropoda","Hexapoda","Insecta","Pterygota","Neoptera","Holometabola","Trichoptera",,,"Leptoceroidea","Calamoceratidae","Anisocentropodinae",,,"Anisocentropus","pyraloides",,"larva",4,,1,100,1,"N","N","condition OK","Y",,"Wiggins 1996","N","EcoAnalysts Inc.","C. Fishel",,
"430b445c-b808-47f4-85f9-43be8c38ac10","D08","MAYF","MAYF.AOS.reach","2017-03-14T14:11Z","2017-11-19","MAYF.20170314.SNAG.4",,,"NYCSP","Y","Nyctiophylax sp.",,"genus","Arthropoda","Hexapoda","Insecta","Pterygota","Neoptera","Holometabola","Trichoptera",,,"Hydropsychoidea","Polycentropodidae","Polycentropodinae",,,"Nyctiophylax","sp.",,"larva",1,,1,100,1,"N","N","condition OK","Y",,"Wiggins 1996","N","EcoAnalysts Inc.","C. Fishel",,
"ddb62e56-691b-4d48-8a5a-83b21f132928","D08","MAYF","MAYF.AOS.reach","2017-03-14T14:11Z","2017-11-19","MAYF.20170314.SNAG.1",,,"LEUSP2","Y","Leuctridae sp.",,"family","Arthropoda","Hexapoda","Insecta","Pterygota","Neoptera","Polyneoptera","Plecoptera","Euholognatha",,,"Leuctridae",,,,,"sp.",,"larva",2,,1,100,1,"Y","N","condition OK","Y",,"Stewart and Stark 2003","N","EcoAnalysts Inc.","C. Fishel",,
"80d3cfa2-8e3a-40b8-82c4-d6e7e1977c75","D08","MAYF","MAYF.AOS.reach","2017-03-14T14:11Z","2017-06-09","MAYF.20170314.CORE.2",,,"POLHAL","Y","Polypedilum halterale gr.",,"speciesGroup","Arthropoda","Hexapoda","Insecta","Pterygota","Neoptera","Holometabola","Diptera","Nematocera","Culicomorpha",,"Chironomidae","Chironominae","Chironomini",,"Polypedilum","halterale gr.",,"larva",3,,2,100,2,"N","N","condition OK","Y",,"Epler 2001; Maschwitz and Cook 2000","N","EcoAnalysts Inc.","G. Wallace",,
"1d4b6246-d247-4e9a-8ede-170f33d1b34c","D08","MAYF","MAYF.AOS.reach","2017-03-14T14:11Z","2017-06-09","MAYF.20170314.SNAG.4",,,"STEPER","Y","Stelechomyia perpulchra",,"species","Arthropoda","Hexapoda","Insecta","Pterygota","Neoptera","Holometabola","Diptera","Nematocera","Culicomorpha",,"Chironomidae","Chironominae","Chironomini",,"Stelechomyia","perpulchra",,"larva",2,,1,100,1,"N","N","condition OK","Y",,"Epler 2001; Maschwitz and Cook 2000","N","EcoAnalysts Inc.","G. Wallace",,
"875d5402-6830-4ff8-9b83-6757df36cae1","D08","MAYF","MAYF.AOS.reach","2017-03-14T14:11Z","2017-06-09","MAYF.20170314.SNAG.5",,,"POLCON1","Y","Polypedilum convictum",,"species","Arthropoda","Hexapoda","Insecta","Pterygota","Neoptera","Holometabola","Diptera","Nematocera","Culicomorpha",,"Chironomidae","Chironominae","Chironomini",,"Polypedilum","convictum",,"larva",2,,1,100,1,"N","N","condition OK","Y",,"Maschwitz and Cook 2000","N","EcoAnalysts Inc.","G. Wallace",,
"61204cb9-e209-4390-8944-1c6d48674de1","D08","MAYF","MAYF.AOS.reach","2017-03-14T14:11Z","2017-11-19","MAYF.20170314.SNAG.4",,,"SPESP5","Y","Sperchonopsis sp.",,"genus","Arthropoda","Chelicerata","Arachnida","Acari",,"Acariformes","Trombidiformes","Prostigmata",,"Lebertioidea","Sperchontidae",,,,"Sperchonopsis","sp.",,"larva",1,,1,100,1,"N","N","condition OK","Y",,"Thorp and Covich 2001","N","EcoAnalysts Inc.","C. Fishel",,
"49120b57-6073-4d22-855f-1abf77780d38","D08","MAYF","MAYF.AOS.reach","2017-03-14T14:11Z","2017-06-09","MAYF.20170314.SNAG.2",,,"PSESP16","Y","Pseudorthocladius sp.",,"genus","Arthropoda","Hexapoda","Insecta","Pterygota","Neoptera","Holometabola","Diptera","Nematocera","Culicomorpha",,"Chironomidae","Orthocladiinae",,,"Pseudorthocladius","sp.",,"larva",2,,1,100,1,"N","N","condition OK","Y",,"Epler 2001; Maschwitz and Cook 2000","N","EcoAnalysts Inc.","G. Wallace",,
"f648c769-635a-4e26-9030-2682e44a0b14","D08","MAYF","MAYF.AOS.reach","2017-03-14T14:11Z","2017-06-09","MAYF.20170314.SNAG.1",,,"POLILL","Y","Polypedilum illinoense gr.",,"speciesGroup","Arthropoda","Hexapoda","Insecta","Pterygota","Neoptera","Holometabola","Diptera","Nematocera","Culicomorpha",,"Chironomidae","Chironominae","Chironomini",,"Polypedilum","illinoense gr.",,"larva",2,,1,100,1,"N","N","condition OK","Y",,"Epler 2001; Maschwitz and Cook 2000","N","EcoAnalysts Inc.","G. Wallace",,
"af43fc5b-6598-4df3-8cf0-1abc66a01ef1","D08","MAYF","MAYF.AOS.reach","2017-03-14T14:11Z","2017-06-09","MAYF.20170314.SNAG.1",,,"THIGRO","Y","Thienemannimyia gr.",,"speciesGroup","Arthropoda","Hexapoda","Insecta","Pterygota","Neoptera","Holometabola","Diptera","Nematocera","Culicomorpha",,"Chironomidae","Tanypodinae","Pentaneurini",,"Thienemannimyia","gr.",,"larva",2,,1,100,1,"N","N","condition OK","Y",,"Epler 2001","N","EcoAnalysts Inc.","G. Wallace",,
"fcdf7c3a-95b9-4ab9-804b-497fd331591d","D08","MAYF","MAYF.AOS.reach","2017-03-14T14:11Z","2017-06-09","MAYF.20170314.SNAG.5",,,"PARSP26","Y","Parametriocnemus sp.",,"genus","Arthropoda","Hexapoda","Insecta","Pterygota","Neoptera","Holometabola","Diptera","Nematocera","Culicomorpha",,"Chironomidae","Orthocladiinae",,,"Parametriocnemus","sp.",,"larva",2,,2,100,2,"N","N","condition OK","Y",,"Epler 2001","N","EcoAnalysts Inc.","G. Wallace",,
"d3138e82-e991-478e-bc4e-9b3986f023fa","D08","MAYF","MAYF.AOS.reach","2017-03-14T14:11Z","2017-11-01","MAYF.20170314.SNAG.1",,,"ENCSP1","Y","Enchytraeidae sp.",,"family","Annelida","Clitellata","Oligochaeta","Oligochaeta",,,"Enchytraeida",,,,"Enchytraeidae",,,,,"sp.",,"larva",4,,9,100,9,"N","N","condition OK","Y",,"Kathman and Brinkhurst 1999","N","EcoAnalysts Inc.","C. Fishel",,
"87a24da4-1142-477b-b2ac-7ba58affc59a","D08","MAYF","MAYF.AOS.reach","2017-03-14T14:11Z","2017-06-09","MAYF.20170314.SNAG.3",,,"TANSP11","Y","Tanytarsus sp.",,"genus","Arthropoda","Hexapoda","Insecta","Pterygota","Neoptera","Holometabola","Diptera","Nematocera","Culicomorpha",,"Chironomidae","Chironominae","Tanytarsini",,"Tanytarsus","sp.",,"larva",1,,1,100,1,"N","N","condition OK","Y",,"Epler 2001","N","EcoAnalysts Inc.","G. Wallace",,
"254c7516-c820-4bb7-8663-4acedb4e197d","D08","MAYF","MAYF.AOS.reach","2017-03-14T14:11Z","2017-11-15","MAYF.20170314.SNAG.3",,,"SIMSP1","Y","Simulium sp.",,"genus","Arthropoda","Hexapoda","Insecta","Pterygota","Neoptera","Holometabola","Diptera","Nematocera","Culicomorpha",,"Simuliidae","Simuliinae","Simuliini",,"Simulium","sp.",,"larva",1,,1,100,1,"N","N","condition OK","Y",,"Merritt and Cummins 2008","N","EcoAnalysts Inc.","C. Fishel",,
"74d2bfd0-0a16-48f5-aa8e-ef203b50d8c7","D08","MAYF","MAYF.AOS.reach","2017-03-14T14:11Z","2017-11-01","MAYF.20170314.CORE.2",,,"LUMSP2","Y","Lumbriculidae sp.",,"family","Annelida","Clitellata","Oligochaeta","Oligochaeta",,,"Lumbriculida",,,,"Lumbriculidae",,,,,"sp.",,"larva",4,,1,100,1,"N","N","condition OK","Y",,"Kathman and Brinkhurst 1999","N","EcoAnalysts Inc.","C. Fishel",,
"1934a874-ca82-4c4e-9df6-0e87b3028497","D08","MAYF","MAYF.AOS.reach","2017-03-14T14:11Z","2017-11-20","MAYF.20170314.SNAG.5",,,"LYPDIV","Y","Lype diversa",,"species","Arthropoda","Hexapoda","Insecta","Pterygota","Neoptera","Holometabola","Trichoptera",,,"Hydropsychoidea","Psychomyiidae","Psychomyiinae",,,"Lype","diversa",,"larva",1,,1,100,1,"N","N","condition OK","Y",,"Wiggins 1996","N","EcoAnalysts Inc.","C. Fishel",,
"f4b4aa97-776f-4bd0-a800-4a0da1797bc5","D08","MAYF","MAYF.AOS.reach","2017-03-14T14:11Z","2017-10-26","MAYF.20170314.SNAG.3",,,"LUMSP2","Y","Lumbriculidae sp.",,"family","Annelida","Clitellata","Oligochaeta","Oligochaeta",,,"Lumbriculida",,,,"Lumbriculidae",,,,,"sp.",,"larva",45,,1,100,1,"N","N","condition OK","Y",,"Kathman and Brinkhurst 1999","N","EcoAnalysts Inc.","C. Fishel",,
"9df2bb2a-5b22-4f3c-84e1-999237de5b8a","D08","MAYF","MAYF.AOS.reach","2017-03-14T14:11Z","2017-06-09","MAYF.20170314.SNAG.4",,,"NILFIM","Y","Nilotanypus fimbriatus",,"species","Arthropoda","Hexapoda","Insecta","Pterygota","Neoptera","Holometabola","Diptera","Nematocera","Culicomorpha",,"Chironomidae","Tanypodinae","Pentaneurini",,"Nilotanypus","fimbriatus",,"larva",1,,3,100,3,"N","N","condition OK","Y",,"Epler 2001","N","EcoAnalysts Inc.","G. Wallace",,
"ef95ead8-c520-46ae-b40d-04a09aa492d0","D08","MAYF","MAYF.AOS.reach","2017-03-14T14:11Z","2017-11-15","MAYF.20170314.SNAG.3",,,"CERSP10","Y","Ceratopogoninae sp.",,"subfamily","Arthropoda","Hexapoda","Insecta","Pterygota","Neoptera","Holometabola","Diptera","Nematocera","Culicomorpha",,"Ceratopogonidae","Ceratopogoninae",,,,"sp.",,"larva",3,,2,100,2,"N","N","condition OK","Y",,"Merritt and Cummins 2008","N","EcoAnalysts Inc.","C. Fishel",,
"fdd93f55-bc4f-41b2-adcd-479538fe52da","D08","MAYF","MAYF.AOS.reach","2017-03-14T14:11Z","2017-11-19","MAYF.20170314.SNAG.2",,,"CERSP10","Y","Ceratopogoninae sp.",,"subfamily","Arthropoda","Hexapoda","Insecta","Pterygota","Neoptera","Holometabola","Diptera","Nematocera","Culicomorpha",,"Ceratopogonidae","Ceratopogoninae",,,,"sp.",,"larva",2,,8,100,8,"Y","Y","condition OK","Y",,"Merritt and Cummins 2008","N","EcoAnalysts Inc.","C. Fishel",,
"8e205ebf-d01e-4364-8f44-9ed6f98fb890","D08","MAYF","MAYF.AOS.reach","2017-03-14T14:11Z","2017-11-19","MAYF.20170314.SNAG.1",,,"ACASP1","Y","Acari sp.",,"subclass","Arthropoda","Chelicerata","Arachnida","Acari",,,,,,,,,,,,"sp.",,"larva",1,,3,100,3,"N","Y","condition OK","Y",,"Thorp and Covich 2001","N","EcoAnalysts Inc.","C. Fishel",,
"21d1ac3e-baa4-4067-bc2d-2714c35f3818","D08","MAYF","MAYF.AOS.reach","2017-03-14T14:11Z","2017-06-09","MAYF.20170314.SNAG.3",,,"THISP2","Y","Thienemanniella sp.",,"genus","Arthropoda","Hexapoda","Insecta","Pterygota","Neoptera","Holometabola","Diptera","Nematocera","Culicomorpha",,"Chironomidae","Orthocladiinae",,,"Thienemanniella","sp.",,"larva",2,,1,100,1,"N","N","condition OK","Y",,"Epler 2001","N","EcoAnalysts Inc.","G. Wallace",,
"214089b9-88f2-4492-8aa2-823d4163a130","D08","MAYF","MAYF.AOS.reach","2017-03-14T14:11Z","2017-06-09","MAYF.20170314.SNAG.1",,,"HETMAR","Y","Heterotrissocladius marcidus gr.",,"speciesGroup","Arthropoda","Hexapoda","Insecta","Pterygota","Neoptera","Holometabola","Diptera","Nematocera","Culicomorpha",,"Chironomidae","Orthocladiinae",,,"Heterotrissocladius","marcidus gr.",,"larva",1,,1,100,1,"N","N","condition OK","Y",,"Epler 2001","N","EcoAnalysts Inc.","G. Wallace",,
"149432c6-df5b-4755-8125-741366b117b9","D08","MAYF","MAYF.AOS.reach","2017-03-14T14:11Z","2017-11-20","MAYF.20170314.SNAG.5",,,"LEUSP2","Y","Leuctridae sp.",,"family","Arthropoda","Hexapoda","Insecta","Pterygota","Neoptera","Polyneoptera","Plecoptera","Euholognatha",,,"Leuctridae",,,,,"sp.",,"larva",2,,2,100,2,"Y","N","condition OK","Y",,"Stewart and Stark 2003","N","EcoAnalysts Inc.","C. Fishel",,
"20c65386-50bf-4241-bddd-7559e47680d8","D08","MAYF","MAYF.AOS.reach","2017-03-14T14:11Z","2017-06-09","MAYF.20170314.SNAG.5",,,"POLSCA","Y","Polypedilum scalaenum gr.",,"speciesGroup","Arthropoda","Hexapoda","Insecta","Pterygota","Neoptera","Holometabola","Diptera","Nematocera","Culicomorpha",,"Chironomidae","Chironominae","Chironomini",,"Polypedilum","scalaenum gr.",,"larva",2,,11,100,11,"N","N","condition OK","Y",,"Epler 2001; Maschwitz and Cook 2000","N","EcoAnalysts Inc.","G. Wallace",,
"4297aa35-95b9-45a4-96a5-7c642574d3c2","D08","MAYF","MAYF.AOS.reach","2017-03-14T14:11Z","2017-11-20","MAYF.20170314.SNAG.5",,,"STESP6","Y","Stenelmis sp.",,"genus","Arthropoda","Hexapoda","Insecta","Pterygota","Neoptera","Holometabola","Coleoptera","Polyphaga","Elateriformia","Byrrhoidea","Elmidae","Elminae","Elmini",,"Stenelmis","sp.",,"larva",4,,1,100,1,"N","N","condition OK","Y",,"Merritt and Cummins 2008","N","EcoAnalysts Inc.","C. Fishel",,
"63666bee-6af2-43d6-8215-713c7de529be","D08","MAYF","MAYF.AOS.reach","2017-03-14T14:11Z","2017-11-01","MAYF.20170314.SNAG.4",,,"NAISP","Y","Naididae sp.","tubificoid Naididae w/o cap setae","family","Annelida","Clitellata","Oligochaeta","Oligochaeta",,,"Tubificida",,,,"Naididae",,,,,"sp.",,"larva",2,,1,100,1,"N","N","condition OK","Y",,"Kathman and Brinkhurst 1998","N","EcoAnalysts Inc.","C. Fishel",,
"38f2ad0b-2e05-4e96-8d9b-42e8582802a3","D08","MAYF","MAYF.AOS.reach","2017-03-14T14:11Z","2017-11-01","MAYF.20170314.CORE.2",,,"NAISP","Y","Naididae sp.","tubificoid Naididae w/o cap setae","family","Annelida","Clitellata","Oligochaeta","Oligochaeta",,,"Tubificida",,,,"Naididae",,,,,"sp.",,"larva",2,,2,100,2,"N","N","condition OK","Y",,"Kathman and Brinkhurst 1998","N","EcoAnalysts Inc.","C. Fishel",,
"e1f9cc4f-3443-404a-8dec-520215a7ead9","D08","MAYF","MAYF.AOS.reach","2017-03-14T14:11Z","2017-11-01","MAYF.20170314.SNAG.4",,,"ENCSP1","Y","Enchytraeidae sp.",,"family","Annelida","Clitellata","Oligochaeta","Oligochaeta",,,"Enchytraeida",,,,"Enchytraeidae",,,,,"sp.",,"larva",3,,2,100,2,"N","N","condition OK","Y",,"Kathman and Brinkhurst 1999","N","EcoAnalysts Inc.","C. Fishel",,
"f55bf9a6-318a-45f9-a93e-7297a5c1d0c5","D08","MAYF","MAYF.AOS.reach","2017-03-14T14:11Z","2017-11-15","MAYF.20170314.SNAG.3",,,"ERISP11","Y","Eriopterini sp.",,"tribe","Arthropoda","Hexapoda","Insecta","Pterygota","Neoptera","Holometabola","Diptera","Nematocera","Tipulomorpha",,"Tipulidae","Limoniinae","Eriopterini sp.",,,"sp.",,"larva",3,,1,100,1,"Y","N","condition OK","Y",,"Merritt and Cummins 2008","N","EcoAnalysts Inc.","C. Fishel",,
"705e0331-3546-4f27-8878-94efb8b0220f","D08","MAYF","MAYF.AOS.reach","2017-03-14T14:11Z","2017-06-09","MAYF.20170314.SNAG.5",,,"POLILL","Y","Polypedilum illinoense gr.",,"speciesGroup","Arthropoda","Hexapoda","Insecta","Pterygota","Neoptera","Holometabola","Diptera","Nematocera","Culicomorpha",,"Chironomidae","Chironominae","Chironomini",,"Polypedilum","illinoense gr.",,"larva",2,,1,100,1,"N","N","condition OK","Y",,"Epler 2001; Maschwitz and Cook 2000","N","EcoAnalysts Inc.","G. Wallace",,
"b7aac439-b600-43c3-918c-aea73222aa94","D08","MAYF","MAYF.AOS.reach","2017-03-14T14:11Z","2017-11-17","MAYF.20170314.SNAG.2",,,"SPESP5","Y","Sperchonopsis sp.",,"genus","Arthropoda","Chelicerata","Arachnida","Acari",,"Acariformes","Trombidiformes","Prostigmata",,"Lebertioidea","Sperchontidae",,,,"Sperchonopsis","sp.",,"larva",1,,1,100,1,"N","N","condition OK","Y",,"Thorp and Covich 2001","N","EcoAnalysts Inc.","C. Fishel",,
"8a8957dc-0d21-4bf2-b033-00f76d617db0","D08","MAYF","MAYF.AOS.reach","2017-03-14T14:11Z","2017-11-20","MAYF.20170314.SNAG.5",,,"ORISP1","Y","Oribatida sp.",,"suborder","Arthropoda","Chelicerata","Arachnida","Acari",,"Acariformes","Sarcoptiformes","Oribatida",,,,,,,,"sp.",,"larva",1,,1,100,1,"N","N","condition OK","Y",,"Thorp and Covich 2001","N","EcoAnalysts Inc.","C. Fishel",,
"fa063339-6cb9-4c15-bcee-9040a9a3fe74","D08","MAYF","MAYF.AOS.reach","2017-03-14T14:11Z","2017-06-09","MAYF.20170314.SNAG.3",,,"PARSP25","Y","Parakiefferiella sp.",,"genus","Arthropoda","Hexapoda","Insecta","Pterygota","Neoptera","Holometabola","Diptera","Nematocera","Culicomorpha",,"Chironomidae","Orthocladiinae",,,"Parakiefferiella","sp.",,"larva",1,,1,100,1,"N","N","condition OK","Y",,"Epler 2001","N","EcoAnalysts Inc.","G. Wallace",,
"227a0da2-2387-4a3f-b917-8f869bc04a1e","D08","MAYF","MAYF.AOS.reach","2017-03-14T14:11Z","2017-11-17","MAYF.20170314.SNAG.2",,,"TORSP6","Y","Torrenticola sp.",,"genus","Arthropoda","Chelicerata","Arachnida","Acari",,"Acariformes","Trombidiformes","Prostigmata",,"Lebertioidea","Torrenticolidae",,,,"Torrenticola","sp.",,"larva",1,,1,100,1,"N","N","condition OK","Y",,"Thorp and Covich 2001","N","EcoAnalysts Inc.","C. Fishel",,
"1e004f8b-b4fe-4eb5-bc25-e67408247a44","D08","MAYF","MAYF.AOS.reach","2017-03-14T14:11Z","2017-11-01","MAYF.20170314.SNAG.1",,,"ENCSP1","Y","Enchytraeidae sp.",,"family","Annelida","Clitellata","Oligochaeta","Oligochaeta",,,"Enchytraeida",,,,"Enchytraeidae",,,,,"sp.",,"larva",1,,1,100,1,"N","N","condition OK","Y",,"Kathman and Brinkhurst 1999","N","EcoAnalysts Inc.","C. Fishel",,
"3f84e1df-041d-4407-8198-82d62073fb80","D08","MAYF","MAYF.AOS.reach","2017-03-14T14:11Z","2017-11-17","MAYF.20170314.SNAG.2",,,"ASESP2","Y","Asellidae sp.",,"family","Arthropoda","Crustacea","Malacostraca","Eumalacostraca",,"Peracarida","Isopoda","Asellota",,"Aselloidea","Asellidae",,,,,"sp.",,"larva",2,,1,100,1,"Y","N","condition OK","Y",,"Thorp and Covich 2001","N","EcoAnalysts Inc.","C. Fishel",,
"a5dc3157-3208-408f-b4bb-f6fd05ba2f50","D08","MAYF","MAYF.AOS.reach","2017-03-14T14:11Z","2017-11-15","MAYF.20170314.SNAG.3",,,"ERISP11","Y","Eriopterini sp.",,"tribe","Arthropoda","Hexapoda","Insecta","Pterygota","Neoptera","Holometabola","Diptera","Nematocera","Tipulomorpha",,"Tipulidae","Limoniinae","Eriopterini sp.",,,"sp.",,"larva",4,,1,100,1,"Y","N","condition OK","Y",,"Merritt and Cummins 2008","N","EcoAnalysts Inc.","C. Fishel",,
"ce569215-7b69-453b-9773-394c18ecbe41","D08","MAYF","MAYF.AOS.reach","2017-03-14T14:11Z","2017-06-09","MAYF.20170314.CORE.1",,,"RHESP4","Y","Rheosmittia sp.",,"genus","Arthropoda","Hexapoda","Insecta","Pterygota","Neoptera","Holometabola","Diptera","Nematocera","Culicomorpha",,"Chironomidae","Orthocladiinae",,,"Rheosmittia","sp.",,"larva",2,,3,100,3,"N","N","condition OK","Y",,"Epler 2001; Maschwitz and Cook 2000","N","EcoAnalysts Inc.","G. Wallace",,
"f743434a-1542-415a-acef-df5298f05965","D08","MAYF","MAYF.AOS.reach","2017-03-14T14:11Z","2017-11-20","MAYF.20170314.SNAG.5",,,"STESP6","Y","Stenelmis sp.",,"genus","Arthropoda","Hexapoda","Insecta","Pterygota","Neoptera","Holometabola","Coleoptera","Polyphaga","Elateriformia","Byrrhoidea","Elmidae","Elminae","Elmini",,"Stenelmis","sp.",,"larva",3,,3,100,3,"N","N","condition OK","Y",,"Merritt and Cummins 2008","N","EcoAnalysts Inc.","C. Fishel",,
"8fa670e7-6365-4522-ba00-171d3fa3c976","D08","MAYF","MAYF.AOS.reach","2017-03-14T14:11Z","2017-11-01","MAYF.20170314.SNAG.1",,,"ENCSP1","Y","Enchytraeidae sp.",,"family","Annelida","Clitellata","Oligochaeta","Oligochaeta",,,"Enchytraeida",,,,"Enchytraeidae",,,,,"sp.",,"larva",5,,5,100,5,"N","N","condition OK","Y",,"Kathman and Brinkhurst 1999","N","EcoAnalysts Inc.","C. Fishel",,
"2ae835b2-27bc-4fc4-b03e-6c475e474b68","D08","MAYF","MAYF.AOS.reach","2017-03-14T14:11Z","2017-06-09","MAYF.20170314.SNAG.1",,,"PARSP33","Y","Paratendipes sp.",,"genus","Arthropoda","Hexapoda","Insecta","Pterygota","Neoptera","Holometabola","Diptera","Nematocera","Culicomorpha",,"Chironomidae","Chironominae","Chironomini",,"Paratendipes","sp.",,"larva",3,,1,100,1,"N","N","condition OK","Y",,"Epler 2001; Maschwitz and Cook 2000","N","EcoAnalysts Inc.","G. Wallace",,
"404024d7-0ce0-46eb-8a8f-8020a57e3992","D08","MAYF","MAYF.AOS.reach","2017-03-14T14:11Z","2017-11-01","MAYF.20170314.CORE.2",,,"ENCSP1","Y","Enchytraeidae sp.",,"family","Annelida","Clitellata","Oligochaeta","Oligochaeta",,,"Enchytraeida",,,,"Enchytraeidae",,,,,"sp.",,"larva",5,,1,100,1,"N","N","condition OK","Y",,"Kathman and Brinkhurst 1999","N","EcoAnalysts Inc.","C. Fishel",,
"ae8a1e88-e739-4695-9327-8ce07a143b0c","D08","MAYF","MAYF.AOS.reach","2017-03-14T14:11Z","2017-06-09","MAYF.20170314.SNAG.4",,,"POLSCA","Y","Polypedilum scalaenum gr.",,"speciesGroup","Arthropoda","Hexapoda","Insecta","Pterygota","Neoptera","Holometabola","Diptera","Nematocera","Culicomorpha",,"Chironomidae","Chironominae","Chironomini",,"Polypedilum","scalaenum gr.",,"larva",2,,2,100,2,"N","N","condition OK","Y",,"Epler 2001; Maschwitz and Cook 2000","N","EcoAnalysts Inc.","G. Wallace",,
"3065e657-ebc7-43bf-a567-6b85f480583c","D08","MAYF","MAYF.AOS.reach","2017-03-14T14:11Z","2017-11-19","MAYF.20170314.SNAG.1",,,"COLSP1","Y","Collembola sp.",,"order","Arthropoda","Hexapoda","Collembola",,,,"Collembola",,,,,,,,,"sp.",,"larva",1,,6,100,6,"N","N","condition OK","Y",,"Triplehorn and Johnson 2005","N","EcoAnalysts Inc.","C. Fishel",,
"5beeb3e7-78ce-4ce7-a075-41f2984e6937","D08","MAYF","MAYF.AOS.reach","2017-03-14T14:11Z","2017-11-19","MAYF.20170314.SNAG.4",,,"COLSP1","Y","Collembola sp.",,"order","Arthropoda","Hexapoda","Collembola",,,,"Collembola",,,,,,,,,"sp.",,"larva",1,,4,100,4,"N","N","condition OK","Y",,"Triplehorn and Johnson 2005","N","EcoAnalysts Inc.","C. Fishel",,
"c34c1e7f-4765-4541-bd5c-11fb5b1e2ce1","D08","MAYF","MAYF.AOS.reach","2017-03-14T14:11Z","2017-11-01","MAYF.20170314.SNAG.1",,,"ENCSP1","Y","Enchytraeidae sp.",,"family","Annelida","Clitellata","Oligochaeta","Oligochaeta",,,"Enchytraeida",,,,"Enchytraeidae",,,,,"sp.",,"larva",6,,3,100,3,"N","N","condition OK","Y",,"Kathman and Brinkhurst 1999","N","EcoAnalysts Inc.","C. Fishel",,
